1301,極洋,東証一部,水産
1305,ダイワ上場投信- トピックス,東証一部,その他金融
1306,ＴＯＰＩＸ連動型上場投資信託,東証一部,その他金融
1308,上場インデックスファンドＴＯＰＩＸ,東証一部,その他金融
1309,上海株式指数・上証５０連動型上場投資信託,東証一部,その他金融
1310,ダイワ上場投信- トピックス・コア３０,東証一部,その他金融
1311,ＴＯＰＩＸ　Ｃｏｒｅ　３０　連動型上場投,東証一部,その他金融
1312,ラッセル野村小型コア・インデックス連動型,東証一部,その他金融
1314,上場インデックスファンドＳ＆Ｐ日本新興株,東証一部,その他金融
1320,ダイワ上場投信- 日経２２５,東証一部,その他金融
1321,日経２２５連動型上場投資信託,東証一部,その他金融
1322,上場インデックスファンド中国Ａ株（パンダ,東証一部,その他金融
1323,ＮＥＸＴ　ＦＵＮＤＳ　南アフリカ株式指数,東証一部,その他金融
1324,ＮＥＸＴ　ＦＵＮＤＳ　ロシア株式指数・Ｒ,東証一部,その他金融
1325,ＮＥＸＴ　ＦＵＮＤＳ　ブラジル株式指数・,東証一部,その他金融
1328,金価格連動型上場投資信託,東証一部,その他金融
1329,ｉシェアーズ　日経２２５　ＥＴＦ,東証一部,その他金融
1330,上場インデックスファンド２２５,東証一部,その他金融
1332,日本水産,東証一部,水産
1333,マルハニチロ,東証一部,水産
1343,ＮＥＸＴ　ＦＵＮＤＳ　東証ＲＥＩＴ指数連,東証一部,その他金融
1344,ＭＡＸＩＳ　トピックス・コア３０上場投信,東証一部,その他金融
1345,上場インデックスファンドＪリート（東証Ｒ,東証一部,その他金融
1346,ＭＡＸＩＳ　日経２２５上場投信,東証一部,その他金融
1347,上場インデックスファンドＦＴＳＥ日本グリ,東証一部,その他金融
1348,ＭＡＸＩＳ　トピックス上場投信,東証一部,その他金融
1352,ホウスイ,東証一部,商社
1356,ＴＯＰＩＸベア２倍上場投信,東証一部,その他金融
1357,ＮＥＸＴ　ＦＵＮＤＳ　日経平均ダブルイン,東証一部,その他金融
1358,上場インデックスファンド日経レバレッジ指,東証一部,その他金融
1360,日経平均ベア２倍上場投信,東証一部,その他金融
1364,ｉシェアーズ　ＪＰＸ日経４００　ＥＴＦ,東証一部,その他金融
1365,ダイワ上場投信- 日経平均レバレッジ・イン,東証一部,その他金融
1366,ダイワ上場投信- 日経平均ダブルインバース,東証一部,その他金融
1367,ダイワ上場投信- ＴＯＰＩＸレバレッジ（２,東証一部,その他金融
1368,ダイワ上場投信- ＴＯＰＩＸダブルインバー,東証一部,その他金融
1369,Ｏｎｅ　ＥＴＦ　日経２２５,東証一部,その他金融
1376,カネコ種苗,東証一部,水産
1377,サカタのタネ,東証一部,水産
1379,ホクト,東証一部,水産
1384,ホクリヨウ,東証一部,水産
1397,ＳＭＡＭ　日経２２５上場投信,東証一部,その他金融
1398,ＳＭＡＭ　東証ＲＥＩＴ指数上場投信,東証一部,その他金融
1399,上場インデックスファンドＭＳＣＩ日本株高,東証一部,その他金融
1414,ショーボンドホールディングス,東証一部,建設
1417,ミライト・ホールディングス,東証一部,建設
1419,タマホーム,東証一部,建設
1420,サンヨーホームズ,東証一部,建設
1430,ファーストコーポレーション,東証一部,建設
1435,インベスターズクラウド,東証一部,建設
1456,ダイワ上場投信- 日経平均インバース・イン,東証一部,その他金融
1457,ダイワ上場投信- ＴＯＰＩＸインバース（-,東証一部,その他金融
1458,楽天ＥＴＦ- 日経レバレッジ指数連動型,東証一部,その他金融
1459,楽天ＥＴＦ- 日経ダブルインバース指数連動,東証一部,その他金融
1460,ＭＡＸＩＳ　ＪＡＰＡＮ　クオリティ１５０,東証一部,その他金融
1464,ダイワ上場投信- ＪＰＸ日経４００レバレッ,東証一部,その他金融
1465,ダイワ上場投信- ＪＰＸ日経４００インバー,東証一部,その他金融
1466,ダイワ上場投信- ＪＰＸ日経４００ダブルイ,東証一部,その他金融
1467,ＪＰＸ日経４００ブル２倍上場投信（レバレ,東証一部,その他金融
1468,ＪＰＸ日経４００ベア上場投信（インバース,東証一部,その他金融
1469,ＪＰＸ日経４００ベア２倍上場投信（ダブル,東証一部,その他金融
1470,ＮＥＸＴ　ＦＵＮＤＳ　ＪＰＸ日経４００レ,東証一部,その他金融
1471,ＮＥＸＴ　ＦＵＮＤＳ　ＪＰＸ日経４００イ,東証一部,その他金融
1472,ＮＥＸＴ　ＦＵＮＤＳ　ＪＰＸ日経４００ダ,東証一部,その他金融
1473,Ｏｎｅ　ＥＴＦ　トピックス,東証一部,その他金融
1474,Ｏｎｅ　ＥＴＦ　ＪＰＸ日経４００,東証一部,その他金融
1475,ｉシェアーズ　ＴＯＰＩＸ　ＥＴＦ,東証一部,その他金融
1476,ｉシェアーズ　Ｊリート　ＥＴＦ,東証一部,その他金融
1477,ｉシェアーズ　ＭＳＣＩ　日本株最小分散,東証一部,その他金融
1478,ｉシェアーズ　ＭＳＣＩ　ジャパン高配当利,東証一部,その他金融
1479,ダイワ上場投信- ＭＳＣＩ日本株人材設備投,東証一部,その他金融
1480,ＮＥＸＴ　ＦＵＮＤＳ　野村企業価値分配指,東証一部,その他金融
1481,上場インデックスファンド日本経済貢献株,東証一部,その他金融
1482,ｉシェアーズ　米国債７- １０年　ＥＴＦ（,東証一部,その他金融
1483,ｉシェアーズ　ＪＰＸ／Ｓ＆Ｐ設備・人材投,東証一部,その他金融
1484,Ｏｎｅ　ＥＴＦ　ＪＰＸ／Ｓ＆Ｐ　設備・人,東証一部,その他金融
1485,ＭＡＸＩＳ　ＪＡＰＡＮ　設備・人材積極投,東証一部,その他金融
1486,上場インデックスファンド米国債券（為替ヘ,東証一部,その他金融
1487,上場インデックスファンド米国債券（為替ヘ,東証一部,その他金融
1488,ダイワ上場投信- 東証ＲＥＩＴ指数,東証一部,その他金融
1489,ＮＥＸＴ　ＦＵＮＤＳ　日経平均高配当株５,東証一部,その他金融
1490,上場インデックスファンドＭＳＣＩ日本株高,東証一部,その他金融
1492,ＭＡＸＩＳ　ＪＰＸ　日経中小型株指数上場,東証一部,その他金融
1493,Ｏｎｅ　ＥＴＦ　ＪＰＸ日経中小型,東証一部,その他金融
1494,Ｏｎｅ　ＥＴＦ　高配当日本株,東証一部,その他金融
1495,上場インデックスファンドアジアリート,東証一部,その他金融
1514,住石ホールディングス,東証一部,鉱業
1515,日鉄鉱業,東証一部,鉱業
1518,三井松島産業,東証一部,鉱業
1540,純金上場信託（現物国内保管型）,東証一部,その他金融
1541,純プラチナ上場信託（現物国内保管型）,東証一部,その他金融
1542,純銀上場信託（現物国内保管型）,東証一部,その他金融
1543,純パラジウム上場信託（現物国内保管型）,東証一部,その他金融
1545,ＮＥＸＴ　ＦＵＮＤＳ　ＮＡＳＤＡＱ- １０,東証一部,その他金融
1546,ＮＥＸＴ　ＦＵＮＤＳ　ダウ・ジョーンズ工,東証一部,その他金融
1547,上場インデックスファンド米国株式（Ｓ＆Ｐ,東証一部,その他金融
1548,上場インデックスファンド中国Ｈ株（ハンセ,東証一部,その他金融
1549,上場インデックスファンドＮｉｆｔｙ５０先,東証一部,その他金融
1550,ＭＡＸＩＳ　海外株式（ＭＳＣＩコクサイ）,東証一部,その他金融
1551,ＪＡＳＤＡＱ- ＴＯＰ２０上場投信,東証一部,その他金融
1552,国際のＥＴＦ　ＶＩＸ短期先物指数,東証一部,その他金融
1554,上場インデックスファンド世界株式（ＭＳＣ,東証一部,その他金融
1555,上場インデックスファンド豪州リート（Ｓ＆,東証一部,その他金融
1559,ＮＥＸＴ　ＦＵＮＤＳ　タイ株式ＳＥＴ５０,東証一部,その他金融
1560,ＮＥＸＴ　ＦＵＮＤＳ　ＦＴＳＥブルサ・マ,東証一部,その他金融
1561,国際のＥＴＦ　ＶＩＸ中期先物指数,東証一部,その他金融
1563,マザーズ・コア上場投信,東証一部,その他金融
1566,上場インデックスファンド新興国債券,東証一部,その他金融
1567,ＭＡＸＩＳトピックスリスクコントロール（,東証一部,その他金融
1568,ＴＯＰＩＸブル２倍上場投信,東証一部,その他金融
1569,ＴＯＰＩＸベア上場投信,東証一部,その他金融
1570,ＮＥＸＴ　ＦＵＮＤＳ　日経平均レバレッジ,東証一部,その他金融
1571,ＮＥＸＴ　ＦＵＮＤＳ　日経平均インバース,東証一部,その他金融
1572,中国Ｈ株ブル２倍上場投信,東証一部,その他金融
1573,中国Ｈ株ベア上場投信,東証一部,その他金融
1574,ＭＡＸＩＳトピックスリスクコントロール（,東証一部,その他金融
1577,ＮＥＸＴ　ＦＵＮＤＳ　野村日本株高配当７,東証一部,その他金融
1578,上場インデックスファンド日経２２５（ミニ,東証一部,その他金融
1579,日経平均ブル２倍上場投信,東証一部,その他金融
1580,日経平均ベア上場投信,東証一部,その他金融
1585,ダイワ上場投信・ＴＯＰＩＸ　Ｅｘ- Ｆｉｎ,東証一部,その他金融
1586,上場インデックスファンドＴＯＰＩＸ　Ｅｘ,東証一部,その他金融
1591,ＮＥＸＴ　ＦＵＮＤＳ　ＪＰＸ日経インデッ,東証一部,その他金融
1592,上場インデックスファンドＪＰＸ日経インデ,東証一部,その他金融
1593,ＭＡＸＩＳ　ＪＰＸ日経インデックス４００,東証一部,その他金融
1595,ＮＺＡＭ　上場投信　東証ＲＥＩＴ指数,東証一部,その他金融
1596,ＮＺＡＭ　上場投信　ＴＯＰＩＸ　Ｅｘ- Ｆ,東証一部,その他金融
1597,ＭＡＸＩＳ　Ｊリート上場投信,東証一部,その他金融
1598,ＮＥＸＴ　ＦＵＮＤＳ　Ｒ／Ｎファンダメン,東証一部,その他金融
1599,ダイワ上場投信- ＪＰＸ日経４００,東証一部,その他金融
1605,国際石油開発帝石,東証一部,鉱業
1606,日本海洋掘削,東証一部,鉱業
1610,ダイワ上場投信- 東証電気機器株価指数,東証一部,その他金融
1612,ダイワ上場投信- 東証銀行業株価指数,東証一部,その他金融
1613,東証電気機器株価指数連動型上場投資信託,東証一部,その他金融
1615,東証銀行業株価指数連動型上場投資信託,東証一部,その他金融
1617,ＮＥＸＴ　ＦＵＮＤＳ　食品（ＴＯＰＩＸ-,東証一部,その他金融
1618,ＮＥＸＴ　ＦＵＮＤＳ　エネルギー資源（Ｔ,東証一部,その他金融
1619,ＮＥＸＴ　ＦＵＮＤＳ　建設・資材（ＴＯＰ,東証一部,その他金融
1620,ＮＥＸＴ　ＦＵＮＤＳ　素材・化学（ＴＯＰ,東証一部,その他金融
1621,ＮＥＸＴ　ＦＵＮＤＳ　医薬品（ＴＯＰＩＸ,東証一部,その他金融
1622,ＮＥＸＴ　ＦＵＮＤＳ　自動車・輸送機（Ｔ,東証一部,その他金融
1623,ＮＥＸＴ　ＦＵＮＤＳ　鉄鋼・非鉄（ＴＯＰ,東証一部,その他金融
1624,ＮＥＸＴ　ＦＵＮＤＳ　機械（ＴＯＰＩＸ-,東証一部,その他金融
1625,ＮＥＸＴ　ＦＵＮＤＳ　電機・精密（ＴＯＰ,東証一部,その他金融
1626,ＮＥＸＴ　ＦＵＮＤＳ　情報通信・サービス,東証一部,その他金融
1627,ＮＥＸＴ　ＦＵＮＤＳ　電力・ガス（ＴＯＰ,東証一部,その他金融
1628,ＮＥＸＴ　ＦＵＮＤＳ　運輸・物流（ＴＯＰ,東証一部,その他金融
1629,ＮＥＸＴ　ＦＵＮＤＳ　商社・卸売（ＴＯＰ,東証一部,その他金融
1630,ＮＥＸＴ　ＦＵＮＤＳ　小売（ＴＯＰＩＸ-,東証一部,その他金融
1631,ＮＥＸＴ　ＦＵＮＤＳ　銀行（ＴＯＰＩＸ-,東証一部,その他金融
1632,ＮＥＸＴ　ＦＵＮＤＳ　金融（除く銀行）（,東証一部,その他金融
1633,ＮＥＸＴ　ＦＵＮＤＳ　不動産（ＴＯＰＩＸ,東証一部,その他金融
1634,ダイワ上場投信・ＴＯＰＩＸ- １７　食品,東証一部,その他金融
1635,ダイワ上場投信・ＴＯＰＩＸ- １７　エネル,東証一部,その他金融
1636,ダイワ上場投信・ＴＯＰＩＸ- １７　建設・,東証一部,その他金融
1637,ダイワ上場投信・ＴＯＰＩＸ- １７　素材・,東証一部,その他金融
1638,ダイワ上場投信・ＴＯＰＩＸ- １７　医薬品,東証一部,その他金融
1639,ダイワ上場投信・ＴＯＰＩＸ- １７　自動車,東証一部,その他金融
1640,ダイワ上場投信・ＴＯＰＩＸ- １７　鉄鋼・,東証一部,その他金融
1641,ダイワ上場投信・ＴＯＰＩＸ- １７　機械,東証一部,その他金融
1642,ダイワ上場投信・ＴＯＰＩＸ- １７　電機・,東証一部,その他金融
1643,ダイワ上場投信・ＴＯＰＩＸ- １７　情報通,東証一部,その他金融
1644,ダイワ上場投信・ＴＯＰＩＸ- １７　電力・,東証一部,その他金融
1645,ダイワ上場投信・ＴＯＰＩＸ- １７　運輸・,東証一部,その他金融
1646,ダイワ上場投信・ＴＯＰＩＸ- １７　商社・,東証一部,その他金融
1647,ダイワ上場投信・ＴＯＰＩＸ- １７　小売,東証一部,その他金融
1648,ダイワ上場投信・ＴＯＰＩＸ- １７　銀行,東証一部,その他金融
1649,ダイワ上場投信・ＴＯＰＩＸ- １７　金融（,東証一部,その他金融
1650,ダイワ上場投信・ＴＯＰＩＸ- １７　不動産,東証一部,その他金融
1662,石油資源開発,東証一部,鉱業
1663,Ｋ＆Ｏエナジーグループ,東証一部,鉱業
1670,ＭＡＸＩＳ　Ｓ＆Ｐ三菱系企業群上場投信,東証一部,その他金融
1671,ＷＴＩ原油価格連動型上場投信,東証一部,その他金融
1677,上場インデックスファンド海外債券（Ｃｉｔ,東証一部,その他金融
1678,ＮＥＸＴ　ＦＵＮＤＳ　インド株式指数・Ｎ,東証一部,その他金融
1679,Ｓｉｍｐｌｅ- Ｘ　ＮＹダウ・ジョーンズ・,東証一部,その他金融
1680,上場インデックスファンド海外先進国株式（,東証一部,その他金融
1681,上場インデックスファンド海外新興国株式（,東証一部,その他金融
1682,ＮＥＸＴ　ＦＵＮＤＳ　日経・東商取白金指,東証一部,その他金融
1683,Ｏｎｅ　ＥＴＦ　国内金先物,東証一部,その他金融
1698,上場インデックスファンド日本高配当（東証,東証一部,その他金融
1699,ＮＥＸＴ　ＦＵＮＤＳ　ＮＯＭＵＲＡ原油イ,東証一部,その他金融
1712,ダイセキ環境ソリューション,東証一部,建設
1719,安藤・間,東証一部,建設
1720,東急建設,東証一部,建設
1721,コムシスホールディングス,東証一部,建設
1722,ミサワホーム,東証一部,建設
1726,ビーアールホールディングス,東証一部,建設
1762,高松コンストラクショングループ,東証一部,建設
1766,東建コーポレーション,東証一部,建設
1768,ソネック,東証一部,建設
1780,ヤマウラ,東証一部,建設
1801,大成建設,東証一部,建設
1802,大林組,東証一部,建設
1803,清水建設,東証一部,建設
1805,飛島建設,東証一部,建設
1808,長谷工コーポレーション,東証一部,建設
1810,松井建設,東証一部,建設
1811,錢高組,東証一部,建設
1812,鹿島建設,東証一部,建設
1813,不動テトラ,東証一部,建設
1814,大末建設,東証一部,建設
1815,鉄建建設,東証一部,建設
1820,西松建設,東証一部,建設
1821,三井住友建設,東証一部,建設
1822,大豊建設,東証一部,建設
1824,前田建設工業,東証一部,建設
1826,佐田建設,東証一部,建設
1827,ナカノフドー建設,東証一部,建設
1833,奥村組,東証一部,建設
1835,東鉄工業,東証一部,建設
1847,イチケン,東証一部,建設
1852,淺沼組,東証一部,建設
1860,戸田建設,東証一部,建設
1861,熊谷組,東証一部,建設
1865,青木あすなろ建設,東証一部,建設
1866,北野建設,東証一部,建設
1867,植木組,東証一部,建設
1868,三井ホーム,東証一部,建設
1870,矢作建設工業,東証一部,建設
1871,ピーエス三菱,東証一部,建設
1873,日本ハウスホールディングス,東証一部,建設
1878,大東建託,東証一部,建設
1879,新日本建設,東証一部,建設
1881,ＮＩＰＰＯ,東証一部,建設
1882,東亜道路工業,東証一部,建設
1883,前田道路,東証一部,建設
1884,日本道路,東証一部,建設
1885,東亜建設工業,東証一部,建設
1888,若築建設,東証一部,建設
1890,東洋建設,東証一部,建設
1893,五洋建設,東証一部,建設
1896,大林道路,東証一部,建設
1898,世紀東急工業,東証一部,建設
1899,福田組,東証一部,建設
1909,日本ドライケミカル,東証一部,機械
1911,住友林業,東証一部,建設
1914,日本基礎技術,東証一部,建設
1916,日成ビルド工業,東証一部,建設
1919,ヤマダ・エスバイエルホーム,東証一部,建設
1921,巴コーポレーション,東証一部,建設
1924,パナホーム,東証一部,建設
1925,大和ハウス工業,東証一部,建設
1926,ライト工業,東証一部,建設
1928,積水ハウス,東証一部,建設
1929,日特建設,東証一部,建設
1930,北陸電気工事,東証一部,建設
1934,ユアテック,東証一部,建設
1937,西部電気工業,東証一部,建設
1939,四電工,東証一部,建設
1941,中電工,東証一部,建設
1942,関電工,東証一部,建設
1944,きんでん,東証一部,建設
1945,東京エネシス,東証一部,建設
1946,トーエネック,東証一部,建設
1949,住友電設,東証一部,建設
1950,日本電設工業,東証一部,建設
1951,協和エクシオ,東証一部,建設
1952,新日本空調,東証一部,建設
1954,日本工営,東証一部,建設
1956,ＮＤＳ,東証一部,建設
1959,九電工,東証一部,建設
1961,三機工業,東証一部,建設
1963,日揮,東証一部,建設
1964,中外炉工業,東証一部,建設
1967,ヤマト,東証一部,建設
1968,太平電業,東証一部,建設
1969,高砂熱学工業,東証一部,建設
1972,三晃金属工業,東証一部,建設
1973,ＮＥＣネッツエスアイ,東証一部,サービス業
1975,朝日工業社,東証一部,建設
1976,明星工業,東証一部,建設
1979,大氣社,東証一部,建設
1980,ダイダン,東証一部,建設
1982,日比谷総合設備,東証一部,建設
1983,東芝プラントシステム,東証一部,建設
2001,日本製粉,東証一部,食品
2002,日清製粉グループ本社,東証一部,食品
2003,日東富士製粉,東証一部,食品
2004,昭和産業,東証一部,食品
2009,鳥越製粉,東証一部,食品
2053,中部飼料,東証一部,食品
2060,フィード・ワン,東証一部,食品
2107,東洋精糖,東証一部,食品
2108,日本甜菜製糖,東証一部,食品
2109,三井製糖,東証一部,食品
2112,塩水港精糖,東証一部,食品
2117,日新製糖,東証一部,食品
2120,ＬＩＦＵＬＬ,東証一部,サービス業
2124,ジェイエイシーリクルートメント,東証一部,サービス業
2127,日本Ｍ＆Ａセンター,東証一部,サービス業
2130,メンバーズ,東証一部,サービス業
2139,中広,東証一部,サービス業
2151,タケエイ,東証一部,サービス業
2154,トラスト・テック,東証一部,サービス業
2157,コシダカホールディングス,東証一部,サービス業
2168,パソナグループ,東証一部,サービス業
2169,ＣＤＳ,東証一部,サービス業
2170,リンクアンドモチベーション,東証一部,サービス業
2174,ＧＣＡ,東証一部,サービス業
2175,エス・エム・エス,東証一部,サービス業
2181,パーソルホールディングス,東証一部,サービス業
2183,リニカル,東証一部,サービス業
2193,クックパッド,東証一部,サービス業
2196,エスクリ,東証一部,サービス業
2198,アイ・ケイ・ケイ,東証一部,サービス業
2201,森永製菓,東証一部,食品
2204,中村屋,東証一部,食品
2206,江崎グリコ,東証一部,食品
2207,名糖産業,東証一部,食品
2211,不二家,東証一部,食品
2212,山崎製パン,東証一部,食品
2215,第一屋製パン,東証一部,食品
2217,モロゾフ,東証一部,食品
2220,亀田製菓,東証一部,食品
2222,寿スピリッツ,東証一部,食品
2229,カルビー,東証一部,食品
2264,森永乳業,東証一部,食品
2266,六甲バター,東証一部,食品
2267,ヤクルト本社,東証一部,食品
2269,明治ホールディングス,東証一部,食品
2270,雪印メグミルク,東証一部,食品
2281,プリマハム,東証一部,食品
2282,日本ハム,東証一部,食品
2286,林兼産業,東証一部,食品
2288,丸大食品,東証一部,食品
2292,エスフーズ,東証一部,食品
2296,伊藤ハム米久ホールディングス,東証一部,食品
2301,学情,東証一部,サービス業
2305,スタジオアリス,東証一部,サービス業
2309,シミックホールディングス,東証一部,サービス業
2317,システナ,東証一部,サービス業
2325,ＮＪＳ,東証一部,サービス業
2326,デジタルアーツ,東証一部,サービス業
2327,新日鉄住金ソリューションズ,東証一部,サービス業
2331,綜合警備保障,東証一部,サービス業
2335,キューブシステム,東証一部,サービス業
2337,いちご,東証一部,不動産
2353,日本駐車場開発,東証一部,不動産
2359,コア,東証一部,サービス業
2371,カカクコム,東証一部,サービス業
2372,アイロムグループ,東証一部,サービス業
2374,セントケア・ホールディング,東証一部,サービス業
2376,サイネックス,東証一部,サービス業
2378,ルネサンス,東証一部,サービス業
2379,ディップ,東証一部,サービス業
2384,ＳＢＳホールディングス,東証一部,陸運
2389,オプトホールディング,東証一部,サービス業
2395,新日本科学,東証一部,サービス業
2398,ツクイ,東証一部,サービス業
2410,キャリアデザインセンター,東証一部,サービス業
2413,エムスリー,東証一部,サービス業
2418,ツカダ・グローバルホールディング,東証一部,サービス業
2424,ブラス,東証一部,サービス業
2427,アウトソーシング,東証一部,サービス業
2428,ウェルネット,東証一部,サービス業
2429,ワールドホールディングス,東証一部,サービス業
2432,ディー・エヌ・エー,東証一部,サービス業
2433,博報堂ＤＹホールディングス,東証一部,サービス業
2440,ぐるなび,東証一部,サービス業
2445,エスアールジータカミヤ,東証一部,サービス業
2453,ジャパンベストレスキューシステム,東証一部,サービス業
2461,ファンコミュニケーションズ,東証一部,サービス業
2462,ライク,東証一部,サービス業
2464,ビジネス・ブレークスルー,東証一部,サービス業
2475,ＷＤＢホールディングス,東証一部,サービス業
2485,ティア,東証一部,サービス業
2487,ＣＤＧ,東証一部,サービス業
2491,バリューコマース,東証一部,サービス業
2492,インフォマート,東証一部,サービス業
2501,サッポロホールディングス,東証一部,食品
2502,アサヒグループホールディングス,東証一部,食品
2503,キリンホールディングス,東証一部,食品
2531,宝ホールディングス,東証一部,食品
2533,オエノンホールディングス,東証一部,食品
2540,養命酒製造,東証一部,食品
2579,コカ・コーラボトラーズジャパン,東証一部,食品
2587,サントリー食品インターナショナル,東証一部,食品
2590,ダイドーグループホールディングス,東証一部,食品
2593,伊藤園,東証一部,食品
25935,伊藤園　第１種　　優先,東証一部,食品
2594,キーコーヒー,東証一部,食品
2597,ユニカフェ,東証一部,食品
2599,ジャパンフーズ,東証一部,食品
2602,日清オイリオグループ,東証一部,食品
2607,不二製油グループ本社,東証一部,食品
2612,かどや製油,東証一部,食品
2613,Ｊ- オイルミルズ,東証一部,食品
2651,ローソン,東証一部,小売業
2659,サンエー,東証一部,小売業
2664,カワチ薬品,東証一部,小売業
2670,エービーシー・マート,東証一部,小売業
2674,ハードオフコーポレーション,東証一部,小売業
2676,高千穂交易,東証一部,商社
2678,アスクル,東証一部,小売業
2681,ゲオホールディングス,東証一部,小売業
2685,アダストリア,東証一部,小売業
2686,ジーフット,東証一部,小売業
2687,シー・ヴイ・エス・ベイエリア,東証一部,小売業
2692,伊藤忠食品,東証一部,商社
2695,くらコーポレーション,東証一部,サービス業
2698,キャンドゥ,東証一部,小売業
2715,エレマテック,東証一部,商社
2726,パルグループホールディングス,東証一部,小売業
2729,ＪＡＬＵＸ,東証一部,商社
2730,エディオン,東証一部,小売業
2733,あらた,東証一部,商社
2734,サーラコーポレーション,東証一部,小売業
2735,ワッツ,東証一部,小売業
2737,トーメンデバイス,東証一部,商社
2742,ハローズ,東証一部,小売業
2749,ＪＰホールディングス,東証一部,サービス業
2753,あみやき亭,東証一部,サービス業
2760,東京エレクトロン　デバイス,東証一部,商社
2764,ひらまつ,東証一部,サービス業
2767,フィールズ,東証一部,商社
2768,双日,東証一部,商社
2772,ゲンキー,東証一部,小売業
2784,アルフレッサ　ホールディングス,東証一部,商社
2791,大黒天物産,東証一部,小売業
2792,ハニーズホールディングス,東証一部,小売業
2796,ファーマライズホールディングス,東証一部,小売業
2801,キッコーマン,東証一部,食品
2802,味の素,東証一部,食品
2809,キユーピー,東証一部,食品
2810,ハウス食品グループ本社,東証一部,食品
2811,カゴメ,東証一部,食品
2812,焼津水産化学工業,東証一部,食品
2815,アリアケジャパン,東証一部,食品
2818,ピエトロ,東証一部,食品
2819,エバラ食品工業,東証一部,食品
2871,ニチレイ,東証一部,食品
2874,横浜冷凍,東証一部,商社
2875,東洋水産,東証一部,食品
2882,イートアンド,東証一部,食品
2883,大冷,東証一部,食品
2884,ヨシムラ・フード・ホールディングス,東証一部,食品
2897,日清食品ホールディングス,東証一部,食品
2899,永谷園ホールディングス,東証一部,食品
2904,一正蒲鉾,東証一部,食品
2908,フジッコ,東証一部,食品
2910,ロック・フィールド,東証一部,食品
2914,日本たばこ産業,東証一部,食品
2915,ケンコーマヨネーズ,東証一部,食品
2918,わらべや日洋ホールディングス,東証一部,食品
2922,なとり,東証一部,食品
2924,イフジ産業,東証一部,食品
2930,北の達人コーポレーション,東証一部,食品
2931,ユーグレナ,東証一部,食品
3001,片倉工業,東証一部,繊維
3002,グンゼ,東証一部,繊維
3003,ヒューリック,東証一部,不動産
3004,神栄,東証一部,繊維
3022,山下医科器械,東証一部,商社
3023,ラサ商事,東証一部,商社
3028,アルペン,東証一部,小売業
3031,ラクーン,東証一部,商社
3034,クオール,東証一部,小売業
3036,アルコニックス,東証一部,商社
3038,神戸物産,東証一部,商社
3046,ジンズ,東証一部,小売業
3048,ビックカメラ,東証一部,小売業
3050,ＤＣＭホールディングス,東証一部,小売業
3064,ＭｏｎｏｔａＲＯ,東証一部,小売業
3067,東京一番フーズ,東証一部,サービス業
3073,ダイヤモンドダイニング,東証一部,サービス業
3076,あい　ホールディングス,東証一部,商社
3079,ディーブイエックス,東証一部,商社
3082,きちり,東証一部,サービス業
3085,アークランドサービスホールディングス,東証一部,サービス業
3086,Ｊ．フロント　リテイリング,東証一部,小売業
3087,ドトール・日レスホールディングス,東証一部,サービス業
3088,マツモトキヨシホールディングス,東証一部,小売業
3091,ブロンコビリー,東証一部,サービス業
3092,スタートトゥデイ,東証一部,小売業
3093,トレジャー・ファクトリー,東証一部,小売業
3097,物語コーポレーション,東証一部,サービス業
3098,ココカラファイン,東証一部,小売業
3099,三越伊勢丹ホールディングス,東証一部,小売業
3101,東洋紡,東証一部,繊維
3103,ユニチカ,東証一部,繊維
3104,富士紡ホールディングス,東証一部,繊維
3105,日清紡ホールディングス,東証一部,電気機器
3106,倉敷紡績,東証一部,繊維
3107,ダイワボウホールディングス,東証一部,繊維
3109,シキボウ,東証一部,繊維
3110,日東紡績,東証一部,窯業
3116,トヨタ紡織,東証一部,自動車・自動車部品
3132,マクニカ・富士エレホールディングス,東証一部,商社
3134,Ｈａｍｅｅ,東証一部,小売業
3141,ウエルシアホールディングス,東証一部,小売業
3148,クリエイトＳＤホールディングス,東証一部,小売業
3151,バイタルケーエスケー・ホールディングス,東証一部,商社
3153,八洲電機,東証一部,商社
3154,メディアスホールディングス,東証一部,商社
3156,ＵＫＣホールディングス,東証一部,商社
3159,丸善ＣＨＩホールディングス,東証一部,小売業
3160,大光,東証一部,商社
3166,ＯＣＨＩホールディングス,東証一部,商社
3167,ＴＯＫＡＩホールディングス,東証一部,商社
3169,ミサワ,東証一部,小売業
3172,ティーライフ,東証一部,小売業
3173,大阪工機,東証一部,商社
3175,エー・ピーカンパニー,東証一部,サービス業
3176,三洋貿易,東証一部,商社
3178,チムニー,東証一部,サービス業
3179,シュッピン,東証一部,小売業
3180,ビューティガレージ,東証一部,商社
3183,ウイン・パートナーズ,東証一部,商社
3186,ネクステージ,東証一部,小売業
3191,ジョイフル本田,東証一部,小売業
3193,鳥貴族,東証一部,サービス業
3194,キリン堂ホールディングス,東証一部,小売業
3196,ホットランド,東証一部,サービス業
3197,すかいらーく,東証一部,サービス業
3199,綿半ホールディングス,東証一部,小売業
3201,日本毛織,東証一部,繊維
3202,ダイトウボウ,東証一部,繊維
3204,トーア紡コーポレーション,東証一部,繊維
3205,ダイドーリミテッド,東証一部,繊維
3221,ヨシックス,東証一部,サービス業
3222,ユナイテッド・スーパーマーケット・ホール,東証一部,小売業
3226,日本アコモデーションファンド投資法人　投,東証一部,その他金融
3227,ＭＣＵＢＳ　ＭｉｄＣｉｔｙ投資法人　投資,東証一部,その他金融
3228,三栄建築設計,東証一部,不動産
3230,スター・マイカ,東証一部,サービス業
3231,野村不動産ホールディングス,東証一部,不動産
3232,三重交通グループホールディングス,東証一部,不動産
3234,森ヒルズリート投資法人　投資証券,東証一部,その他金融
3244,サムティ,東証一部,不動産
3245,ディア・ライフ,東証一部,不動産
3249,産業ファンド投資法人　投資証券,東証一部,その他金融
3250,エー・ディー・ワークス,東証一部,不動産
3252,日本商業開発,東証一部,不動産
3254,プレサンスコーポレーション,東証一部,不動産
3258,ユニゾホールディングス,東証一部,不動産
3269,アドバンス・レジデンス投資法人　投資証券,東証一部,その他金融
3271,ＴＨＥグローバル社,東証一部,不動産
3276,日本管理センター,東証一部,不動産
3277,サンセイランディック,東証一部,不動産
3278,ケネディクス・レジデンシャル投資法人　投,東証一部,その他金融
3279,アクティビア・プロパティーズ投資法人　投,東証一部,その他金融
3280,エストラスト,東証一部,不動産
3281,ＧＬＰ投資法人　投資証券,東証一部,その他金融
3282,コンフォリア・レジデンシャル投資法人　投,東証一部,その他金融
3283,日本プロロジスリート投資法人　投資証券,東証一部,その他金融
3284,フージャースホールディングス,東証一部,不動産
3287,星野リゾート・リート投資法人　投資証券,東証一部,その他金融
3288,オープンハウス,東証一部,不動産
3289,東急不動産ホールディングス,東証一部,不動産
3290,Ｏｎｅリート投資法人　投資証券,東証一部,その他金融
3291,飯田グループホールディングス,東証一部,不動産
3292,イオンリート投資法人　投資証券,東証一部,その他金融
3295,ヒューリックリート投資法人　投資証券,東証一部,その他金融
3296,日本リート投資法人　投資証券,東証一部,その他金融
3298,インベスコ・オフィス・ジェイリート投資法,東証一部,その他金融
3299,ムゲンエステート,東証一部,不動産
3302,帝国繊維,東証一部,繊維
3308,日本ヘルスケア投資法人　投資証券,東証一部,その他金融
3309,積水ハウス・リート投資法人　投資証券,東証一部,その他金融
3313,ブックオフコーポレーション,東証一部,小売業
3315,日本コークス工業,東証一部,石油
3319,ゴルフダイジェスト・オンライン,東証一部,小売業
3321,ミタチ産業,東証一部,商社
3328,ＢＥＥＮＯＳ,東証一部,小売業
3333,あさひ,東証一部,小売業
3341,日本調剤,東証一部,小売業
3349,コスモス薬品,東証一部,小売業
3360,シップヘルスケアホールディングス,東証一部,商社
3361,トーエル,東証一部,小売業
3366,一六堂,東証一部,サービス業
3371,ソフトクリエイトホールディングス,東証一部,サービス業
3376,オンリー,東証一部,小売業
3382,セブン＆アイ・ホールディングス,東証一部,小売業
3385,薬王堂,東証一部,小売業
3387,クリエイト・レストランツ・ホールディング,東証一部,サービス業
3388,明治電機工業,東証一部,商社
3391,ツルハホールディングス,東証一部,小売業
3392,デリカフーズ,東証一部,商社
3393,スターティア,東証一部,商社
3395,サンマルクホールディングス,東証一部,小売業
3396,フェリシモ,東証一部,小売業
3397,トリドールホールディングス,東証一部,サービス業
3401,帝人,東証一部,繊維
3402,東レ,東証一部,繊維
3405,クラレ,東証一部,化学工業
3407,旭化成,東証一部,化学工業
3408,サカイオーベックス,東証一部,繊維
3415,ＴＯＫＹＯ　ＢＡＳＥ,東証一部,小売業
3421,稲葉製作所,東証一部,非鉄金属及び金属製品
3431,宮地エンジニアリンググループ,東証一部,非鉄金属及び金属製品
3433,トーカロ,東証一部,非鉄金属及び金属製品
3434,アルファＣｏ,東証一部,自動車・自動車部品
3436,ＳＵＭＣＯ,東証一部,非鉄金属及び金属製品
3443,川田テクノロジーズ,東証一部,非鉄金属及び金属製品
3445,ＲＳ　Ｔｅｃｈｎｏｌｏｇｉｅｓ,東証一部,非鉄金属及び金属製品
3451,トーセイ・リート投資法人　投資証券,東証一部,その他金融
3453,ケネディクス商業リート投資法人　投資証券,東証一部,その他金融
3454,ファーストブラザーズ,東証一部,不動産
3455,ヘルスケア＆メディカル投資法人　投資証券,東証一部,その他金融
3457,ハウスドゥ,東証一部,不動産
3458,シーアールイー,東証一部,不動産
3459,サムティ・レジデンシャル投資法人　投資証,東証一部,その他金融
3460,ジャパン・シニアリビング投資法人　投資証,東証一部,その他金融
3462,野村不動産マスターファンド投資法人　投資,東証一部,その他金融
3463,いちごホテルリート投資法人　投資証券,東証一部,その他金融
3465,ケイアイスター不動産,東証一部,不動産
3466,ラサールロジポート投資法人　投資証券,東証一部,その他金融
3468,スターアジア不動産投資法人　投資証券,東証一部,その他金融
3470,マリモ地方創生リート投資法人　投資証券,東証一部,その他金融
3471,三井不動産ロジスティクスパーク投資法人,東証一部,その他金融
3472,大江戸温泉リート投資法人　投資証券,東証一部,その他金融
3473,さくら総合リート投資法人　投資証券,東証一部,その他金融
3476,投資法人みらい　投資証券,東証一部,その他金融
3478,森トラスト・ホテルリート投資法人　投資証,東証一部,その他金融
3501,住江織物,東証一部,繊維
3512,日本フエルト,東証一部,繊維
3513,イチカワ,東証一部,繊維
3521,エコナックホールディングス,東証一部,不動産
3524,日東製網,東証一部,繊維
3526,芦森工業,東証一部,自動車・自動車部品
3529,アツギ,東証一部,繊維
3543,コメダホールディングス,東証一部,サービス業
3544,サツドラホールディングス,東証一部,小売業
3546,ダイユー・リックホールディングス,東証一部,小売業
3548,バロックジャパンリミテッド,東証一部,小売業
3549,クスリのアオキホールディングス,東証一部,小売業
3551,ダイニック,東証一部,繊維
3553,共和レザー,東証一部,繊維
3563,スシローグローバルホールディングス,東証一部,サービス業
3564,ＬＩＸＩＬビバ,東証一部,小売業
3569,セーレン,東証一部,繊維
3571,ソトー,東証一部,繊維
3577,東海染工,東証一部,繊維
3580,小松精練,東証一部,繊維
3591,ワコールホールディングス,東証一部,繊維
3593,ホギメディカル,東証一部,繊維
3606,レナウン,東証一部,商社
3607,クラウディア,東証一部,繊維
3608,ＴＳＩホールディングス,東証一部,繊維
3626,ＴＩＳ,東証一部,サービス業
3627,ネオス,東証一部,サービス業
3630,電算システム,東証一部,サービス業
3632,グリー,東証一部,サービス業
3635,コーエーテクモホールディングス,東証一部,サービス業
3636,三菱総合研究所,東証一部,サービス業
3639,ボルテージ,東証一部,サービス業
3640,電算,東証一部,サービス業
3648,ＡＧＳ,東証一部,サービス業
3649,ファインデックス,東証一部,サービス業
3654,ヒト・コミュニケーションズ,東証一部,サービス業
3655,ブレインパッド,東証一部,サービス業
3656,ＫＬａｂ,東証一部,サービス業
3657,ポールトゥウィン・ピットクルーホールディ,東証一部,サービス業
3658,イーブックイニシアティブジャパン,東証一部,サービス業
3659,ネクソン,東証一部,サービス業
3660,アイスタイル,東証一部,サービス業
3661,エムアップ,東証一部,サービス業
3662,エイチーム,東証一部,サービス業
3666,テクノスジャパン,東証一部,サービス業
3667,ｅｎｉｓｈ,東証一部,サービス業
3668,コロプラ,東証一部,サービス業
3669,モバイルクリエイト,東証一部,サービス業
3672,オルトプラス,東証一部,サービス業
3673,ブロードリーフ,東証一部,サービス業
3676,ハーツユナイテッドグループ,東証一部,サービス業
3678,メディアドゥ,東証一部,サービス業
3681,ブイキューブ,東証一部,サービス業
3683,サイバーリンクス,東証一部,サービス業
3686,ディー・エル・イー,東証一部,サービス業
3687,フィックスターズ,東証一部,サービス業
3688,ＶＯＹＡＧＥ　ＧＲＯＵＰ,東証一部,サービス業
3694,オプティム,東証一部,サービス業
3696,セレス,東証一部,サービス業
3708,特種東海製紙,東証一部,パルプ・紙
3724,ベリサーブ,東証一部,サービス業
3738,ティーガイア,東証一部,通信
3751,日本アジアグループ,東証一部,サービス業
3756,豆蔵ホールディングス,東証一部,サービス業
3762,テクマトリックス,東証一部,サービス業
3765,ガンホー・オンライン・エンターテイメント,東証一部,サービス業
3769,ＧＭＯペイメントゲートウェイ,東証一部,サービス業
3770,ザッパラス,東証一部,サービス業
3771,システムリサーチ,東証一部,サービス業
3774,インターネットイニシアティブ,東証一部,サービス業
3778,さくらインターネット,東証一部,サービス業
3788,ＧＭＯクラウド,東証一部,サービス業
3817,ＳＲＡホールディングス,東証一部,サービス業
3822,Ｍｉｎｏｒｉソリューションズ,東証一部,サービス業
3826,システムインテグレータ,東証一部,サービス業
3834,朝日ネット,東証一部,サービス業
3837,アドソル日進,東証一部,サービス業
3843,フリービット,東証一部,サービス業
3844,コムチュア,東証一部,サービス業
3852,サイバーコム,東証一部,サービス業
3861,王子ホールディングス,東証一部,パルプ・紙
3863,日本製紙,東証一部,パルプ・紙
3864,三菱製紙,東証一部,パルプ・紙
3865,北越紀州製紙,東証一部,パルプ・紙
3877,中越パルプ工業,東証一部,パルプ・紙
3878,巴川製紙所,東証一部,パルプ・紙
3880,大王製紙,東証一部,パルプ・紙
3896,阿波製紙,東証一部,パルプ・紙
3902,メディカル・データ・ビジョン,東証一部,サービス業
3903,ｇｕｍｉ,東証一部,サービス業
3909,ショーケース・ティービー,東証一部,サービス業
3912,モバイルファクトリー,東証一部,サービス業
3916,デジタル・インフォメーション・テクノロジ,東証一部,サービス業
3918,ＰＣＩホールディングス,東証一部,サービス業
3919,パイプドＨＤ,東証一部,サービス業
3920,アイビーシー,東証一部,サービス業
3926,オープンドア,東証一部,サービス業
3938,ＬＩＮＥ,東証一部,サービス業
3941,レンゴー,東証一部,パルプ・紙
3946,トーモク,東証一部,パルプ・紙
3950,ザ・パック,東証一部,パルプ・紙
3964,オークネット,東証一部,サービス業
3975,ＡＯＩ　ＴＹＯ　Ｈｏｌｄｉｎｇｓ,東証一部,サービス業
3978,マクロミル,東証一部,サービス業
4004,昭和電工,東証一部,化学工業
4005,住友化学,東証一部,化学工業
4008,住友精化,東証一部,化学工業
4021,日産化学工業,東証一部,化学工業
4022,ラサ工業,東証一部,化学工業
4023,クレハ,東証一部,化学工業
4025,多木化学,東証一部,化学工業
4027,テイカ,東証一部,化学工業
4028,石原産業,東証一部,化学工業
4031,片倉コープアグリ,東証一部,化学工業
4033,日東エフシー,東証一部,化学工業
4041,日本曹達,東証一部,化学工業
4042,東ソー,東証一部,化学工業
4043,トクヤマ,東証一部,化学工業
4044,セントラル硝子,東証一部,化学工業
4045,東亞合成,東証一部,化学工業
4046,大阪ソーダ,東証一部,化学工業
4047,関東電化工業,東証一部,化学工業
4061,デンカ,東証一部,化学工業
4062,イビデン,東証一部,電気機器
4063,信越化学工業,東証一部,化学工業
4064,日本カーバイド工業,東証一部,化学工業
4078,堺化学工業,東証一部,化学工業
4088,エア・ウォーター,東証一部,化学工業
4091,大陽日酸,東証一部,化学工業
4092,日本化学工業,東証一部,化学工業
4093,東邦アセチレン,東証一部,化学工業
4095,日本パーカライジング,東証一部,化学工業
4097,高圧ガス工業,東証一部,化学工業
4098,チタン工業,東証一部,化学工業
4099,四国化成工業,東証一部,化学工業
4100,戸田工業,東証一部,化学工業
4109,ステラ　ケミファ,東証一部,化学工業
4112,保土谷化学工業,東証一部,化学工業
4114,日本触媒,東証一部,化学工業
4116,大日精化工業,東証一部,化学工業
4118,カネカ,東証一部,化学工業
4151,協和発酵キリン,東証一部,医薬品
4182,三菱瓦斯化学,東証一部,化学工業
4183,三井化学,東証一部,化学工業
4185,ＪＳＲ,東証一部,化学工業
4186,東京応化工業,東証一部,化学工業
4187,大阪有機化学工業,東証一部,化学工業
4188,三菱ケミカルホールディングス,東証一部,化学工業
4189,ＫＨネオケム,東証一部,化学工業
4202,ダイセル,東証一部,化学工業
4203,住友ベークライト,東証一部,化学工業
4204,積水化学工業,東証一部,化学工業
4205,日本ゼオン,東証一部,化学工業
4206,アイカ工業,東証一部,化学工業
4208,宇部興産,東証一部,化学工業
4212,積水樹脂,東証一部,化学工業
4215,タキロンシーアイ,東証一部,化学工業
4216,旭有機材,東証一部,化学工業
4217,日立化成,東証一部,化学工業
4218,ニチバン,東証一部,化学工業
4220,リケンテクノス,東証一部,化学工業
4221,大倉工業,東証一部,化学工業
4228,積水化成品工業,東証一部,化学工業
4229,群栄化学工業,東証一部,化学工業
4231,タイガースポリマー,東証一部,化学工業
4238,ミライアル,東証一部,化学工業
4245,ダイキアクシス,東証一部,化学工業
4246,ダイキョーニシカワ,東証一部,化学工業
4248,竹本容器,東証一部,化学工業
4272,日本化薬,東証一部,化学工業
4275,カーリットホールディングス,東証一部,化学工業
4282,ＥＰＳホールディングス,東証一部,サービス業
4284,ソルクシーズ,東証一部,サービス業
4286,レッグス,東証一部,サービス業
4290,プレステージ・インターナショナル,東証一部,サービス業
4295,フェイス,東証一部,サービス業
4299,ハイマックス,東証一部,サービス業
4301,アミューズ,東証一部,サービス業
4307,野村総合研究所,東証一部,サービス業
4310,ドリームインキュベータ,東証一部,サービス業
4312,サイバネットシステム,東証一部,サービス業
4318,クイック,東証一部,サービス業
4319,ＴＡＣ,東証一部,サービス業
4320,ＣＥホールディングス,東証一部,サービス業
4321,ケネディクス,東証一部,サービス業
4323,日本システム技術,東証一部,サービス業
4324,電通,東証一部,サービス業
4326,インテージホールディングス,東証一部,サービス業
4331,テイクアンドギヴ・ニーズ,東証一部,サービス業
4333,東邦システムサイエンス,東証一部,サービス業
4337,ぴあ,東証一部,サービス業
4343,イオンファンタジー,東証一部,サービス業
4344,ソースネクスト,東証一部,サービス業
4345,シーティーエス,東証一部,サービス業
4346,ネクシィーズグループ,東証一部,サービス業
4350,メディカルシステムネットワーク,東証一部,小売業
4362,日本精化,東証一部,化学工業
4368,扶桑化学工業,東証一部,化学工業
4401,ＡＤＥＫＡ,東証一部,化学工業
4403,日油,東証一部,化学工業
4404,ミヨシ油脂,東証一部,化学工業
4406,新日本理化,東証一部,化学工業
4410,ハリマ化成グループ,東証一部,化学工業
4452,花王,東証一部,化学工業
4461,第一工業製薬,東証一部,化学工業
4463,日華化学,東証一部,化学工業
4465,ニイタカ,東証一部,化学工業
4471,三洋化成工業,東証一部,化学工業
4502,武田薬品工業,東証一部,医薬品
4503,アステラス製薬,東証一部,医薬品
4506,大日本住友製薬,東証一部,医薬品
4507,塩野義製薬,東証一部,医薬品
4508,田辺三菱製薬,東証一部,医薬品
4512,わかもと製薬,東証一部,医薬品
4514,あすか製薬,東証一部,医薬品
4516,日本新薬,東証一部,医薬品
4517,ビオフェルミン製薬,東証一部,医薬品
4519,中外製薬,東証一部,医薬品
4521,科研製薬,東証一部,医薬品
4523,エーザイ,東証一部,医薬品
4526,理研ビタミン,東証一部,食品
4527,ロート製薬,東証一部,医薬品
4528,小野薬品工業,東証一部,医薬品
4530,久光製薬,東証一部,医薬品
4531,有機合成薬品工業,東証一部,化学工業
4534,持田製薬,東証一部,医薬品
4536,参天製薬,東証一部,医薬品
4538,扶桑薬品工業,東証一部,医薬品
4539,日本ケミファ,東証一部,医薬品
4540,ツムラ,東証一部,医薬品
4541,日医工,東証一部,医薬品
4543,テルモ,東証一部,精密機器
4544,みらかホールディングス,東証一部,サービス業
4547,キッセイ薬品工業,東証一部,医薬品
4548,生化学工業,東証一部,医薬品
4549,栄研化学,東証一部,医薬品
4550,日水製薬,東証一部,医薬品
4551,鳥居薬品,東証一部,医薬品
4552,ＪＣＲファーマ,東証一部,医薬品
4553,東和薬品,東証一部,医薬品
4554,富士製薬工業,東証一部,医薬品
4555,沢井製薬,東証一部,医薬品
4559,ゼリア新薬工業,東証一部,医薬品
4568,第一三共,東証一部,医薬品
4569,キョーリン製薬ホールディングス,東証一部,医薬品
4574,大幸薬品,東証一部,医薬品
4577,ダイト,東証一部,医薬品
4578,大塚ホールディングス,東証一部,医薬品
4581,大正製薬ホールディングス,東証一部,医薬品
4587,ペプチドリーム,東証一部,医薬品
4611,大日本塗料,東証一部,化学工業
4612,日本ペイントホールディングス,東証一部,化学工業
4613,関西ペイント,東証一部,化学工業
4615,神東塗料,東証一部,化学工業
4617,中国塗料,東証一部,化学工業
4619,日本特殊塗料,東証一部,化学工業
4620,藤倉化成,東証一部,化学工業
4626,太陽ホールディングス,東証一部,化学工業
4631,ＤＩＣ,東証一部,化学工業
4633,サカタインクス,東証一部,化学工業
4634,東洋インキＳＣホールディングス,東証一部,化学工業
4636,Ｔ＆Ｋ　ＴＯＫＡ,東証一部,化学工業
4641,アルプス技研,東証一部,サービス業
4651,サニックス,東証一部,サービス業
4653,ダイオーズ,東証一部,サービス業
4658,日本空調サービス,東証一部,サービス業
4661,オリエンタルランド,東証一部,サービス業
4662,フォーカスシステムズ,東証一部,サービス業
4665,ダスキン,東証一部,サービス業
4666,パーク２４,東証一部,不動産
4668,明光ネットワークジャパン,東証一部,サービス業
4671,ファルコホールディングス,東証一部,サービス業
4674,クレスコ,東証一部,サービス業
4676,フジ・メディア・ホールディングス,東証一部,通信
4678,秀英予備校,東証一部,サービス業
4679,田谷,東証一部,サービス業
4680,ラウンドワン,東証一部,サービス業
4681,リゾートトラスト,東証一部,サービス業
4684,オービック,東証一部,サービス業
4686,ジャストシステム,東証一部,サービス業
4687,ＴＤＣソフトウェアエンジニアリング,東証一部,サービス業
4689,ヤフー,東証一部,サービス業
4694,ビー・エム・エル,東証一部,サービス業
4696,ワタベウェディング,東証一部,サービス業
4704,トレンドマイクロ,東証一部,サービス業
4708,りらいあコミュニケーションズ,東証一部,サービス業
4709,インフォメーション・ディベロプメント,東証一部,サービス業
4714,リソー教育,東証一部,サービス業
4716,日本オラクル,東証一部,サービス業
4718,早稲田アカデミー,東証一部,サービス業
4719,アルファシステムズ,東証一部,サービス業
4722,フューチャー,東証一部,サービス業
4725,ＣＡＣ　Ｈｏｌｄｉｎｇｓ,東証一部,サービス業
4726,ソフトバンク・テクノロジー,東証一部,サービス業
4728,トーセ,東証一部,サービス業
4732,ユー・エス・エス,東証一部,サービス業
4733,オービックビジネスコンサルタント,東証一部,サービス業
4739,伊藤忠テクノソリューションズ,東証一部,サービス業
4743,アイティフォー,東証一部,サービス業
4745,東京個別指導学院,東証一部,サービス業
4746,東計電算,東証一部,サービス業
4751,サイバーエージェント,東証一部,サービス業
4755,楽天,東証一部,サービス業
4762,エックスネット,東証一部,サービス業
4763,クリーク・アンド・リバー社,東証一部,サービス業
4767,テー・オー・ダブリュー,東証一部,サービス業
4768,大塚商会,東証一部,サービス業
4775,総合メディカル,東証一部,小売業
4776,サイボウズ,東証一部,サービス業
4779,ソフトブレーン,東証一部,サービス業
4801,セントラルスポーツ,東証一部,サービス業
4809,パラカ,東証一部,不動産
4812,電通国際情報サービス,東証一部,サービス業
4819,デジタルガレージ,東証一部,サービス業
4820,イーエムシステムズ,東証一部,サービス業
4825,ウェザーニューズ,東証一部,サービス業
4826,ＣＩＪ,東証一部,サービス業
4828,東洋ビジネスエンジニアリング,東証一部,サービス業
4829,日本エンタープライズ,東証一部,サービス業
4839,ＷＯＷＯＷ,東証一部,通信
4845,スカラ,東証一部,サービス業
4848,フルキャストホールディングス,東証一部,サービス業
4901,富士フイルムホールディングス,東証一部,化学工業
4902,コニカミノルタ,東証一部,精密機器
4911,資生堂,東証一部,化学工業
4912,ライオン,東証一部,化学工業
4914,高砂香料工業,東証一部,化学工業
4917,マンダム,東証一部,化学工業
4919,ミルボン,東証一部,化学工業
4921,ファンケル,東証一部,化学工業
4922,コーセー,東証一部,化学工業
4923,コタ,東証一部,化学工業
4924,シーズ・ホールディングス,東証一部,化学工業
4926,シーボン,東証一部,化学工業
4927,ポーラ・オルビスホールディングス,東証一部,化学工業
4928,ノエビアホールディングス,東証一部,化学工業
4929,アジュバンコスメジャパン,東証一部,化学工業
4951,エステー,東証一部,化学工業
4955,アグロ　カネショウ,東証一部,化学工業
4956,コニシ,東証一部,化学工業
4958,長谷川香料,東証一部,化学工業
4963,星光ＰＭＣ,東証一部,化学工業
4967,小林製薬,東証一部,医薬品
4968,荒川化学工業,東証一部,化学工業
4971,メック,東証一部,化学工業
4973,日本高純度化学,東証一部,化学工業
4974,タカラバイオ,東証一部,医薬品
4975,ＪＣＵ,東証一部,化学工業
4977,新田ゼラチン,東証一部,化学工業
4979,ＯＡＴアグリオ,東証一部,化学工業
4980,デクセリアルズ,東証一部,化学工業
4985,アース製薬,東証一部,化学工業
4992,北興化学工業,東証一部,化学工業
4994,大成ラミック,東証一部,化学工業
4996,クミアイ化学工業,東証一部,化学工業
4997,日本農薬,東証一部,化学工業
5002,昭和シェル石油,東証一部,石油
5009,富士興産,東証一部,商社
5011,ニチレキ,東証一部,石油
5013,ユシロ化学工業,東証一部,石油
5015,ビーピー・カストロール,東証一部,商社
5017,富士石油,東証一部,石油
5018,ＭＯＲＥＳＣＯ,東証一部,石油
5019,出光興産,東証一部,石油
5020,ＪＸＴＧホールディングス,東証一部,石油
5021,コスモエネルギーホールディングス,東証一部,石油
5101,横浜ゴム,東証一部,ゴム
5105,東洋ゴム工業,東証一部,ゴム
5108,ブリヂストン,東証一部,ゴム
5110,住友ゴム工業,東証一部,ゴム
5121,藤倉ゴム工業,東証一部,ゴム
5122,オカモト,東証一部,ゴム
5142,アキレス,東証一部,化学工業
5185,フコク,東証一部,ゴム
5186,ニッタ,東証一部,ゴム
5187,クリエートメディック,東証一部,精密機器
5191,住友理工,東証一部,ゴム
5192,三ツ星ベルト,東証一部,ゴム
5195,バンドー化学,東証一部,ゴム
5201,旭硝子,東証一部,窯業
5202,日本板硝子,東証一部,窯業
5204,石塚硝子,東証一部,窯業
5208,有沢製作所,東証一部,化学工業
5210,日本山村硝子,東証一部,窯業
5214,日本電気硝子,東証一部,窯業
5218,オハラ,東証一部,窯業
5232,住友大阪セメント,東証一部,窯業
5233,太平洋セメント,東証一部,窯業
5261,リソルホールディングス,東証一部,サービス業
5262,日本ヒューム,東証一部,窯業
5269,日本コンクリート工業,東証一部,窯業
5273,三谷セキサン,東証一部,窯業
5288,アジアパイルホールディングス,東証一部,窯業
5301,東海カーボン,東証一部,窯業
5302,日本カーボン,東証一部,窯業
5310,東洋炭素,東証一部,窯業
5331,ノリタケカンパニーリミテド,東証一部,窯業
5332,ＴＯＴＯ,東証一部,窯業
5333,日本碍子,東証一部,窯業
5334,日本特殊陶業,東証一部,窯業
5337,ダントーホールディングス,東証一部,窯業
5344,ＭＡＲＵＷＡ,東証一部,窯業
5351,品川リフラクトリーズ,東証一部,窯業
5352,黒崎播磨,東証一部,窯業
5357,ヨータイ,東証一部,窯業
5358,イソライト工業,東証一部,窯業
5363,東京窯業,東証一部,窯業
5367,ニッカトー,東証一部,窯業
5384,フジミインコーポレーテッド,東証一部,窯業
5391,エーアンドエーマテリアル,東証一部,窯業
5393,ニチアス,東証一部,窯業
5401,新日鐵住金,東証一部,鉄鋼業
5406,神戸製鋼所,東証一部,鉄鋼業
5408,中山製鋼所,東証一部,鉄鋼業
5410,合同製鐵,東証一部,鉄鋼業
5411,ジェイ　エフ　イー　ホールディングス,東証一部,鉄鋼業
5413,日新製鋼,東証一部,鉄鋼業
5423,東京製鐵,東証一部,鉄鋼業
5440,共英製鋼,東証一部,鉄鋼業
5444,大和工業,東証一部,鉄鋼業
5445,東京鐵鋼,東証一部,鉄鋼業
5449,大阪製鐵,東証一部,鉄鋼業
5451,淀川製鋼所,東証一部,鉄鋼業
5453,東洋鋼鈑,東証一部,鉄鋼業
5463,丸一鋼管,東証一部,鉄鋼業
5464,モリ工業,東証一部,鉄鋼業
5471,大同特殊鋼,東証一部,鉄鋼業
5476,日本高周波鋼業,東証一部,鉄鋼業
5480,日本冶金工業,東証一部,鉄鋼業
5481,山陽特殊製鋼,東証一部,鉄鋼業
5482,愛知製鋼,東証一部,鉄鋼業
5486,日立金属,東証一部,鉄鋼業
5491,日本金属,東証一部,鉄鋼業
5541,大平洋金属,東証一部,鉄鋼業
5563,新日本電工,東証一部,鉄鋼業
5602,栗本鐵工所,東証一部,鉄鋼業
5603,虹技,東証一部,鉄鋼業
5612,日本鋳鉄管,東証一部,鉄鋼業
5631,日本製鋼所,東証一部,機械
5632,三菱製鋼,東証一部,鉄鋼業
5658,日亜鋼業,東証一部,鉄鋼業
5659,日本精線,東証一部,鉄鋼業
5702,大紀アルミニウム工業所,東証一部,非鉄金属及び金属製品
5703,日本軽金属ホールディングス,東証一部,非鉄金属及び金属製品
5706,三井金属鉱業,東証一部,非鉄金属及び金属製品
5707,東邦亜鉛,東証一部,非鉄金属及び金属製品
5711,三菱マテリアル,東証一部,非鉄金属及び金属製品
5713,住友金属鉱山,東証一部,非鉄金属及び金属製品
5714,ＤＯＷＡホールディングス,東証一部,非鉄金属及び金属製品
5715,古河機械金属,東証一部,非鉄金属及び金属製品
5721,エス・サイエンス,東証一部,非鉄金属及び金属製品
5726,大阪チタニウムテクノロジーズ,東証一部,非鉄金属及び金属製品
5727,東邦チタニウム,東証一部,非鉄金属及び金属製品
5741,ＵＡＣＪ,東証一部,非鉄金属及び金属製品
5801,古河電気工業,東証一部,非鉄金属及び金属製品
5802,住友電気工業,東証一部,非鉄金属及び金属製品
5803,フジクラ,東証一部,非鉄金属及び金属製品
5805,昭和電線ホールディングス,東証一部,非鉄金属及び金属製品
5807,東京特殊電線,東証一部,非鉄金属及び金属製品
5809,タツタ電線,東証一部,非鉄金属及び金属製品
5815,沖電線,東証一部,非鉄金属及び金属製品
5819,カナレ電気,東証一部,非鉄金属及び金属製品
5821,平河ヒューテック,東証一部,非鉄金属及び金属製品
5851,リョービ,東証一部,非鉄金属及び金属製品
5852,アーレスティ,東証一部,非鉄金属及び金属製品
5857,アサヒホールディングス,東証一部,非鉄金属及び金属製品
5901,東洋製罐グループホールディングス,東証一部,非鉄金属及び金属製品
5902,ホッカンホールディングス,東証一部,非鉄金属及び金属製品
5909,コロナ,東証一部,非鉄金属及び金属製品
5911,横河ブリッジホールディングス,東証一部,非鉄金属及び金属製品
5912,ＯＳＪＢホールディングス,東証一部,建設
5915,駒井ハルテック,東証一部,非鉄金属及び金属製品
5923,高田機工,東証一部,非鉄金属及び金属製品
5929,三和ホールディングス,東証一部,非鉄金属及び金属製品
5930,文化シヤッター,東証一部,非鉄金属及び金属製品
5932,三協立山,東証一部,非鉄金属及び金属製品
5933,アルインコ,東証一部,非鉄金属及び金属製品
5936,東洋シヤッター,東証一部,非鉄金属及び金属製品
5938,ＬＩＸＩＬグループ,東証一部,非鉄金属及び金属製品
5942,日本フイルコン,東証一部,非鉄金属及び金属製品
5943,ノーリツ,東証一部,非鉄金属及び金属製品
5946,長府製作所,東証一部,非鉄金属及び金属製品
5947,リンナイ,東証一部,非鉄金属及び金属製品
5949,ユニプレス,東証一部,自動車・自動車部品
5951,ダイニチ工業,東証一部,非鉄金属及び金属製品
5957,日東精工,東証一部,非鉄金属及び金属製品
5958,三洋工業,東証一部,非鉄金属及び金属製品
5959,岡部,東証一部,非鉄金属及び金属製品
5970,ジーテクト,東証一部,自動車・自動車部品
5974,中国工業,東証一部,非鉄金属及び金属製品
5975,東プレ,東証一部,非鉄金属及び金属製品
5976,高周波熱錬,東証一部,非鉄金属及び金属製品
5981,東京製綱,東証一部,非鉄金属及び金属製品
5985,サンコール,東証一部,非鉄金属及び金属製品
5986,モリテック　スチール,東証一部,非鉄金属及び金属製品
5988,パイオラックス,東証一部,非鉄金属及び金属製品
5989,エイチワン,東証一部,自動車・自動車部品
5991,日本発条,東証一部,非鉄金属及び金属製品
5992,中央発條,東証一部,非鉄金属及び金属製品
5998,アドバネクス,東証一部,非鉄金属及び金属製品
6005,三浦工業,東証一部,機械
6013,タクマ,東証一部,機械
6028,テクノプロ・ホールディングス,東証一部,サービス業
6029,アトラ,東証一部,サービス業
6032,インターワークス,東証一部,サービス業
6036,ＫｅｅＰｅｒ技研,東証一部,サービス業
6037,ファーストロジック,東証一部,サービス業
6044,三機サービス,東証一部,サービス業
6048,デザインワン・ジャパン,東証一部,サービス業
6050,イー・ガーディアン,東証一部,サービス業
6054,リブセンス,東証一部,サービス業
6055,ジャパンマテリアル,東証一部,サービス業
6058,ベクトル,東証一部,サービス業
6059,ウチヤマホールディングス,東証一部,サービス業
6065,ライクキッズネクスト,東証一部,サービス業
6070,キャリアリンク,東証一部,サービス業
6071,ＩＢＪ,東証一部,サービス業
6073,アサンテ,東証一部,サービス業
6077,Ｎ・フィールド,東証一部,サービス業
6078,バリューＨＲ,東証一部,サービス業
6080,Ｍ＆Ａキャピタルパートナーズ,東証一部,サービス業
6082,ライドオン・エクスプレス,東証一部,サービス業
6083,ＥＲＩホールディングス,東証一部,サービス業
6087,アビスト,東証一部,サービス業
6089,ウィルグループ,東証一部,サービス業
6093,エスクロー・エージェント・ジャパン,東証一部,サービス業
6097,日本ビューホテル,東証一部,サービス業
6098,リクルートホールディングス,東証一部,サービス業
6099,エラン,東証一部,サービス業
6101,ツガミ,東証一部,機械
6103,オークマ,東証一部,機械
6104,東芝機械,東証一部,機械
6113,アマダホールディングス,東証一部,機械
6118,アイダエンジニアリング,東証一部,機械
6121,滝澤鉄工所,東証一部,機械
6134,富士機械製造,東証一部,機械
6135,牧野フライス製作所,東証一部,機械
6136,オーエスジー,東証一部,機械
6138,ダイジェット工業,東証一部,機械
6140,旭ダイヤモンド工業,東証一部,機械
6141,ＤＭＧ森精機,東証一部,機械
6143,ソディック,東証一部,機械
6146,ディスコ,東証一部,精密機器
6151,日東工器,東証一部,機械
6165,パンチ工業,東証一部,機械
6167,冨士ダイス,東証一部,機械
6171,土木管理総合試験所,東証一部,サービス業
6178,日本郵政,東証一部,サービス業
6183,ベルシステム２４ホールディングス,東証一部,サービス業
6184,鎌倉新書,東証一部,サービス業
6186,一蔵,東証一部,サービス業
6187,ＬＩＴＡＬＩＣＯ,東証一部,サービス業
6191,エボラブルアジア,東証一部,サービス業
6196,ストライク,東証一部,サービス業
6197,ソラスト,東証一部,サービス業
6200,インソース,東証一部,サービス業
6201,豊田自動織機,東証一部,機械
6203,豊和工業,東証一部,機械
6205,ＯＫＫ,東証一部,機械
6208,石川製作所,東証一部,機械
6210,東洋機械金属,東証一部,機械
6217,津田駒工業,東証一部,機械
6218,エンシュウ,東証一部,機械
6222,島精機製作所,東証一部,機械
6236,ＮＣホールディングス,東証一部,機械
6238,フリュー,東証一部,機械
6240,ヤマシンフィルタ,東証一部,機械
6247,日阪製作所,東証一部,機械
6250,やまびこ,東証一部,機械
6258,平田機工,東証一部,機械
6262,ペガサスミシン製造,東証一部,機械
6268,ナブテスコ,東証一部,機械
6269,三井海洋開発,東証一部,機械
6272,レオン自動機,東証一部,機械
6273,ＳＭＣ,東証一部,機械
6274,新川,東証一部,機械
6277,ホソカワミクロン,東証一部,機械
6278,ユニオンツール,東証一部,機械
6282,オイレス工業,東証一部,機械
6284,日精エー・エス・ビー機械,東証一部,機械
6287,サトーホールディングス,東証一部,機械
6289,技研製作所,東証一部,機械
6291,日本エアーテック,東証一部,機械
6293,日精樹脂工業,東証一部,機械
6294,オカダアイヨン,東証一部,機械
6298,ワイエイシイホールディングス,東証一部,機械
6301,小松製作所,東証一部,機械
6302,住友重機械工業,東証一部,機械
6305,日立建機,東証一部,機械
6306,日工,東証一部,機械
6309,巴工業,東証一部,機械
6310,井関農機,東証一部,機械
6315,ＴＯＷＡ,東証一部,機械
6316,丸山製作所,東証一部,機械
6317,北川鉄工所,東証一部,機械
6319,シンニッタン,東証一部,鉄鋼業
6323,ローツェ,東証一部,機械
6325,タカキタ,東証一部,機械
6326,クボタ,東証一部,機械
6328,荏原実業,東証一部,機械
6330,東洋エンジニアリング,東証一部,機械
6331,三菱化工機,東証一部,機械
6332,月島機械,東証一部,機械
6333,帝国電機製作所,東証一部,電気機器
6335,東京機械製作所,東証一部,機械
6339,新東工業,東証一部,機械
6340,澁谷工業,東証一部,機械
6345,アイチコーポレーション,東証一部,機械
6349,小森コーポレーション,東証一部,機械
6351,鶴見製作所,東証一部,機械
6355,住友精密工業,東証一部,機械
6358,酒井重工業,東証一部,機械
6361,荏原製作所,東証一部,機械
6362,石井鐵工所,東証一部,機械
6363,酉島製作所,東証一部,機械
6364,北越工業,東証一部,機械
6366,千代田化工建設,東証一部,機械
6367,ダイキン工業,東証一部,機械
6368,オルガノ,東証一部,機械
6369,トーヨーカネツ,東証一部,機械
6370,栗田工業,東証一部,機械
6371,椿本チエイン,東証一部,機械
6373,大同工業,東証一部,機械
6376,日機装,東証一部,精密機器
6378,木村化工機,東証一部,機械
6379,新興プランテック,東証一部,建設
6381,アネスト岩田,東証一部,機械
6383,ダイフク,東証一部,機械
6387,サムコ,東証一部,機械
6390,加藤製作所,東証一部,機械
6393,油研工業,東証一部,機械
6395,タダノ,東証一部,機械
6406,フジテック,東証一部,機械
6407,ＣＫＤ,東証一部,機械
6409,キトー,東証一部,機械
6412,平和,東証一部,機械
6413,理想科学工業,東証一部,機械
6417,ＳＡＮＫＹＯ,東証一部,機械
6418,日本金銭機械,東証一部,電気機器
6419,マースエンジニアリング,東証一部,機械
6420,福島工業,東証一部,機械
6428,オーイズミ,東証一部,機械
6430,ダイコク電機,東証一部,機械
6432,竹内製作所,東証一部,機械
6436,アマノ,東証一部,機械
6440,ＪＵＫＩ,東証一部,機械
6444,サンデンホールディングス,東証一部,機械
6445,蛇の目ミシン工業,東証一部,機械
6448,ブラザー工業,東証一部,電気機器
6454,マックス,東証一部,機械
6455,モリタホールディングス,東証一部,機械
6457,グローリー,東証一部,機械
6458,新晃工業,東証一部,機械
6459,大和冷機工業,東証一部,機械
6460,セガサミーホールディングス,東証一部,機械
6461,日本ピストンリング,東証一部,機械
6462,リケン,東証一部,機械
6463,ＴＰＲ,東証一部,機械
6464,ツバキ・ナカシマ,東証一部,機械
6465,ホシザキ,東証一部,機械
6470,大豊工業,東証一部,自動車・自動車部品
6471,日本精工,東証一部,機械
6472,ＮＴＮ,東証一部,機械
6473,ジェイテクト,東証一部,機械
6474,不二越,東証一部,機械
6479,ミネベアミツミ,東証一部,電気機器
6480,日本トムソン,東証一部,機械
6481,ＴＨＫ,東証一部,機械
6482,ユーシン精機,東証一部,機械
6485,前澤給装工業,東証一部,非鉄金属及び金属製品
6486,イーグル工業,東証一部,機械
6489,前澤工業,東証一部,機械
6490,日本ピラー工業,東証一部,機械
6498,キッツ,東証一部,機械
6501,日立製作所,東証一部,電気機器
6503,三菱電機,東証一部,電気機器
6504,富士電機,東証一部,電気機器
6505,東洋電機製造,東証一部,電気機器
6506,安川電機,東証一部,電気機器
6507,シンフォニア　テクノロジー,東証一部,電気機器
6508,明電舎,東証一部,電気機器
6513,オリジン電気,東証一部,電気機器
6516,山洋電気,東証一部,電気機器
6517,デンヨー,東証一部,電気機器
6584,三櫻工業,東証一部,自動車・自動車部品
6586,マキタ,東証一部,電気機器
6588,東芝テック,東証一部,電気機器
6590,芝浦メカトロニクス,東証一部,電気機器
6592,マブチモーター,東証一部,電気機器
6594,日本電産,東証一部,電気機器
6615,ユー・エム・シー・エレクトロニクス,東証一部,電気機器
6617,東光高岳,東証一部,電気機器
6619,ダブル・スコープ,東証一部,電気機器
6620,宮越ホールディングス,東証一部,電気機器
6622,ダイヘン,東証一部,電気機器
6624,田淵電機,東証一部,電気機器
6630,ヤーマン,東証一部,電気機器
6632,ＪＶＣケンウッド,東証一部,電気機器
6638,ミマキエンジニアリング,東証一部,電気機器
6640,第一精工,東証一部,電気機器
6641,日新電機,東証一部,電気機器
6644,大崎電気工業,東証一部,電気機器
6645,オムロン,東証一部,電気機器
6651,日東工業,東証一部,電気機器
6652,ＩＤＥＣ,東証一部,電気機器
6654,不二電機工業,東証一部,電気機器
6674,ジーエス・ユアサ　コーポレーション,東証一部,電気機器
6675,サクサホールディングス,東証一部,電気機器
6676,メルコホールディングス,東証一部,電気機器
6678,テクノメディカ,東証一部,電気機器
6701,日本電気,東証一部,電気機器
6702,富士通,東証一部,電気機器
6703,沖電気工業,東証一部,電気機器
6704,岩崎通信機,東証一部,電気機器
6706,電気興業,東証一部,電気機器
6707,サンケン電気,東証一部,電気機器
6715,ナカヨ,東証一部,電気機器
6718,アイホン,東証一部,電気機器
6723,ルネサスエレクトロニクス,東証一部,電気機器
6724,セイコーエプソン,東証一部,電気機器
6727,ワコム,東証一部,電気機器
6728,アルバック,東証一部,電気機器
6730,アクセル,東証一部,電気機器
6737,ＥＩＺＯ,東証一部,電気機器
6740,ジャパンディスプレイ,東証一部,電気機器
6741,日本信号,東証一部,電気機器
6742,京三製作所,東証一部,電気機器
6744,能美防災,東証一部,電気機器
6745,ホーチキ,東証一部,電気機器
6750,エレコム,東証一部,電気機器
6751,日本無線,東証一部,電気機器
6752,パナソニック,東証一部,電気機器
6754,アンリツ,東証一部,電気機器
6755,富士通ゼネラル,東証一部,電気機器
6756,日立国際電気,東証一部,電気機器
6758,ソニー,東証一部,電気機器
6762,ＴＤＫ,東証一部,電気機器
6763,帝国通信工業,東証一部,電気機器
6768,タムラ製作所,東証一部,電気機器
6770,アルプス電気,東証一部,電気機器
6771,池上通信機,東証一部,電気機器
6773,パイオニア,東証一部,電気機器
6779,日本電波工業,東証一部,電気機器
6785,鈴木,東証一部,電気機器
6788,日本トリム,東証一部,電気機器
6789,ローランド　ディー．ジー．,東証一部,電気機器
6794,フォスター電機,東証一部,電気機器
6796,クラリオン,東証一部,電気機器
6798,ＳＭＫ,東証一部,電気機器
6800,ヨコオ,東証一部,電気機器
6803,ティアック,東証一部,電気機器
6804,ホシデン,東証一部,電気機器
6806,ヒロセ電機,東証一部,電気機器
6807,日本航空電子工業,東証一部,電気機器
6809,ＴＯＡ,東証一部,電気機器
6810,日立マクセル,東証一部,電気機器
6814,古野電気,東証一部,電気機器
6815,ユニデンホールディングス,東証一部,電気機器
6816,アルパイン,東証一部,電気機器
6817,スミダコーポレーション,東証一部,電気機器
6820,アイコム,東証一部,電気機器
6823,リオン,東証一部,電気機器
6826,本多通信工業,東証一部,電気機器
6839,船井電機,東証一部,電気機器
6841,横河電機,東証一部,電気機器
6844,新電元工業,東証一部,電気機器
6845,アズビル,東証一部,電気機器
6848,東亜ディーケーケー,東証一部,電気機器
6849,日本光電工業,東証一部,電気機器
6850,チノー,東証一部,電気機器
6853,共和電業,東証一部,電気機器
6855,日本電子材料,東証一部,電気機器
6856,堀場製作所,東証一部,電気機器
6857,アドバンテスト,東証一部,電気機器
6858,小野測器,東証一部,電気機器
6859,エスペック,東証一部,電気機器
6861,キーエンス,東証一部,電気機器
6866,日置電機,東証一部,電気機器
6869,シスメックス,東証一部,電気機器
6871,日本マイクロニクス,東証一部,電気機器
6875,メガチップス,東証一部,電気機器
6877,ＯＢＡＲＡ　ＧＲＯＵＰ,東証一部,電気機器
6879,イマジカ・ロボット　ホールディングス,東証一部,サービス業
6901,澤藤電機,東証一部,電気機器
6902,デンソー,東証一部,電気機器
6905,コーセル,東証一部,電気機器
6908,イリソ電子工業,東証一部,電気機器
6911,新日本無線,東証一部,電気機器
6914,オプテックスグループ,東証一部,電気機器
6915,千代田インテグレ,東証一部,電気機器
6916,アイ・オー・データ機器,東証一部,電気機器
6920,レーザーテック,東証一部,電気機器
6923,スタンレー電気,東証一部,電気機器
6924,岩崎電気,東証一部,電気機器
6925,ウシオ電機,東証一部,電気機器
6926,岡谷電機産業,東証一部,電気機器
6927,ヘリオス　テクノ　ホールディング,東証一部,電気機器
6929,日本セラミック,東証一部,電気機器
6932,遠藤照明,東証一部,電気機器
6937,古河電池,東証一部,電気機器
6938,双信電機,東証一部,電気機器
6941,山一電機,東証一部,電気機器
6947,図研,東証一部,電気機器
6951,日本電子,東証一部,電気機器
6952,カシオ計算機,東証一部,電気機器
6954,ファナック,東証一部,電気機器
6958,日本シイエムケイ,東証一部,電気機器
6961,エンプラス,東証一部,電気機器
6962,大真空,東証一部,電気機器
6963,ローム,東証一部,電気機器
6965,浜松ホトニクス,東証一部,電気機器
6966,三井ハイテック,東証一部,電気機器
6967,新光電気工業,東証一部,電気機器
6971,京セラ,東証一部,電気機器
6973,協栄産業,東証一部,商社
6976,太陽誘電,東証一部,電気機器
6981,村田製作所,東証一部,電気機器
6985,ユーシン,東証一部,電気機器
6986,双葉電子工業,東証一部,電気機器
6988,日東電工,東証一部,化学工業
6989,北陸電気工業,東証一部,電気機器
6995,東海理化電機製作所,東証一部,自動車・自動車部品
6996,ニチコン,東証一部,電気機器
6997,日本ケミコン,東証一部,電気機器
6999,ＫＯＡ,東証一部,電気機器
7003,三井造船,東証一部,造船
7004,日立造船,東証一部,機械
7011,三菱重工業,東証一部,機械
7012,川崎重工業,東証一部,造船
7013,ＩＨＩ,東証一部,機械
7014,名村造船所,東証一部,造船
7022,サノヤスホールディングス,東証一部,造船
7102,日本車輌製造,東証一部,その他輸送機器
7105,ニチユ三菱フォークリフト,東証一部,その他輸送機器
7122,近畿車輛,東証一部,その他輸送機器
7148,ＦＰＧ,東証一部,その他金融
7150,島根銀行,東証一部,銀行
7161,じもとホールディングス,東証一部,銀行
7164,全国保証,東証一部,その他金融
7167,めぶきフィナンシャルグループ,東証一部,銀行
7173,東京ＴＹフィナンシャルグループ,東証一部,銀行
7180,九州フィナンシャルグループ,東証一部,銀行
7181,かんぽ生命保険,東証一部,保険
7182,ゆうちょ銀行,東証一部,銀行
7184,富山第一銀行,東証一部,銀行
7186,コンコルディア・フィナンシャルグループ,東証一部,銀行
7189,西日本フィナンシャルホールディングス,東証一部,銀行
7201,日産自動車,東証一部,自動車・自動車部品
7202,いすゞ自動車,東証一部,自動車・自動車部品
7203,トヨタ自動車,東証一部,自動車・自動車部品
7205,日野自動車,東証一部,自動車・自動車部品
7211,三菱自動車工業,東証一部,自動車・自動車部品
7212,エフテック,東証一部,自動車・自動車部品
7213,レシップホールディングス,東証一部,自動車・自動車部品
7214,ＧＭＢ,東証一部,自動車・自動車部品
7215,ファルテック,東証一部,自動車・自動車部品
7220,武蔵精密工業,東証一部,自動車・自動車部品
7222,日産車体,東証一部,自動車・自動車部品
7224,新明和工業,東証一部,その他輸送機器
7226,極東開発工業,東証一部,その他輸送機器
7230,日信工業,東証一部,自動車・自動車部品
7231,トピー工業,東証一部,その他輸送機器
7236,ティラド,東証一部,自動車・自動車部品
7238,曙ブレーキ工業,東証一部,自動車・自動車部品
7239,タチエス,東証一部,自動車・自動車部品
7240,ＮＯＫ,東証一部,自動車・自動車部品
7241,フタバ産業,東証一部,自動車・自動車部品
7242,ＫＹＢ,東証一部,自動車・自動車部品
7244,市光工業,東証一部,自動車・自動車部品
7245,大同メタル工業,東証一部,自動車・自動車部品
7246,プレス工業,東証一部,自動車・自動車部品
7247,ミクニ,東証一部,自動車・自動車部品
7250,太平洋工業,東証一部,自動車・自動車部品
7251,ケーヒン,東証一部,自動車・自動車部品
7256,河西工業,東証一部,自動車・自動車部品
7259,アイシン精機,東証一部,自動車・自動車部品
7260,富士機工,東証一部,自動車・自動車部品
7261,マツダ,東証一部,自動車・自動車部品
7266,今仙電機製作所,東証一部,その他輸送機器
7267,本田技研工業,東証一部,自動車・自動車部品
7269,スズキ,東証一部,自動車・自動車部品
7270,ＳＵＢＡＲＵ,東証一部,自動車・自動車部品
7271,安永,東証一部,自動車・自動車部品
7272,ヤマハ発動機,東証一部,自動車・自動車部品
7274,ショーワ,東証一部,自動車・自動車部品
7276,小糸製作所,東証一部,自動車・自動車部品
7277,ＴＢＫ,東証一部,自動車・自動車部品
7278,エクセディ,東証一部,自動車・自動車部品
7280,ミツバ,東証一部,電気機器
7282,豊田合成,東証一部,自動車・自動車部品
7283,愛三工業,東証一部,自動車・自動車部品
7284,盟和産業,東証一部,自動車・自動車部品
7294,ヨロズ,東証一部,自動車・自動車部品
7296,エフ・シー・シー,東証一部,自動車・自動車部品
7305,新家工業,東証一部,鉄鋼業
7309,シマノ,東証一部,その他輸送機器
7313,テイ・エス　テック,東証一部,自動車・自動車部品
7408,ジャムコ,東証一部,その他輸送機器
7414,小野建,東証一部,商社
7416,はるやまホールディングス,東証一部,小売業
7419,ノジマ,東証一部,小売業
7420,佐鳥電機,東証一部,商社
7421,カッパ・クリエイト,東証一部,サービス業
7427,エコートレーディング,東証一部,商社
7433,伯東,東証一部,商社
7438,コンドーテック,東証一部,非鉄金属及び金属製品
7442,中山福,東証一部,商社
7445,ライトオン,東証一部,小売業
7447,ナガイレーベン,東証一部,商社
7448,ジーンズメイト,東証一部,小売業
7451,三菱食品,東証一部,商社
7453,良品計画,東証一部,小売業
7455,三城ホールディングス,東証一部,小売業
7456,松田産業,東証一部,商社
7458,第一興商,東証一部,商社
7459,メディパルホールディングス,東証一部,商社
7463,アドヴァン,東証一部,小売業
7466,ＳＰＫ,東証一部,商社
7467,萩原電気,東証一部,商社
7475,アルビス,東証一部,小売業
7476,アズワン,東証一部,商社
7480,スズデン,東証一部,商社
7481,尾家産業,東証一部,商社
7482,シモジマ,東証一部,商社
7483,ドウシシャ,東証一部,商社
7487,小津産業,東証一部,商社
7494,コナカ,東証一部,小売業
7504,高速,東証一部,商社
7506,ハウス　オブ　ローゼ,東証一部,小売業
7508,Ｇ- ７ホールディングス,東証一部,小売業
7510,たけびし,東証一部,商社
7512,イオン北海道,東証一部,小売業
7513,コジマ,東証一部,小売業
7514,ヒマラヤ,東証一部,小売業
7516,コーナン商事,東証一部,小売業
7517,黒田電気,東証一部,商社
7518,ネットワンシステムズ,東証一部,サービス業
7520,エコス,東証一部,小売業
7522,ワタミ,東証一部,サービス業
7524,マルシェ,東証一部,サービス業
7525,リックス,東証一部,商社
7527,システムソフト,東証一部,サービス業
7532,ドンキホーテホールディングス,東証一部,小売業
7537,丸文,東証一部,商社
7545,西松屋チェーン,東証一部,小売業
7550,ゼンショーホールディングス,東証一部,サービス業
7552,ハピネット,東証一部,商社
7554,幸楽苑ホールディングス,東証一部,サービス業
7561,ハークスレイ,東証一部,小売業
7570,橋本総業ホールディングス,東証一部,商社
7575,日本ライフライン,東証一部,商社
7581,サイゼリヤ,東証一部,サービス業
7591,エクセル,東証一部,商社
7593,ＶＴホールディングス,東証一部,商社
7594,マルカキカイ,東証一部,商社
7595,アルゴグラフィックス,東証一部,サービス業
7596,魚力,東証一部,小売業
7599,ＩＤＯＭ,東証一部,商社
7600,日本エム・ディ・エム,東証一部,商社
7601,ポプラ,東証一部,小売業
7605,フジ・コーポレーション,東証一部,小売業
7606,ユナイテッドアローズ,東証一部,小売業
7607,進和,東証一部,商社
7608,エスケイジャパン,東証一部,商社
7609,ダイトロン,東証一部,商社
7611,ハイデイ日高,東証一部,サービス業
7613,シークス,東証一部,商社
7615,京都きもの友禅,東証一部,小売業
7616,コロワイド,東証一部,サービス業
7618,ピーシーデポコーポレーション,東証一部,小売業
7619,田中商事,東証一部,商社
7628,オーハシテクニカ,東証一部,商社
7630,壱番屋,東証一部,サービス業
7637,白銅,東証一部,商社
7640,トップカルチャー,東証一部,小売業
7646,ＰＬＡＮＴ,東証一部,小売業
7649,スギホールディングス,東証一部,小売業
7701,島津製作所,東証一部,精密機器
7702,ＪＭＳ,東証一部,精密機器
7709,クボテック,東証一部,精密機器
7715,長野計器,東証一部,精密機器
7717,ブイ・テクノロジー,東証一部,精密機器
7718,スター精密,東証一部,機械
7721,東京計器,東証一部,精密機器
7723,愛知時計電機,東証一部,精密機器
7725,インターアクション,東証一部,精密機器
7727,オーバル,東証一部,精密機器
7729,東京精密,東証一部,精密機器
7730,マニー,東証一部,精密機器
7731,ニコン,東証一部,精密機器
7732,トプコン,東証一部,精密機器
7733,オリンパス,東証一部,精密機器
7734,理研計器,東証一部,精密機器
7735,ＳＣＲＥＥＮホールディングス,東証一部,電気機器
7739,キヤノン電子,東証一部,電気機器
7740,タムロン,東証一部,精密機器
7741,ＨＯＹＡ,東証一部,精密機器
7743,シード,東証一部,精密機器
7744,ノーリツ鋼機,東証一部,精密機器
7745,エー・アンド・デイ,東証一部,精密機器
7751,キヤノン,東証一部,電気機器
7752,リコー,東証一部,電気機器
7762,シチズン時計,東証一部,精密機器
7769,リズム時計工業,東証一部,精密機器
7775,大研医器,東証一部,精密機器
7780,メニコン,東証一部,精密機器
7816,スノーピーク,東証一部,その他製造業
7817,パラマウントベッドホールディングス,東証一部,その他製造業
7818,トランザクション,東証一部,その他製造業
7819,ＳＨＯ- ＢＩ,東証一部,商社
7820,ニホンフラッシュ,東証一部,その他製造業
7821,前田工繊,東証一部,その他製造業
7822,永大産業,東証一部,その他製造業
7823,アートネイチャー,東証一部,その他製造業
7825,ダンロップスポーツ,東証一部,その他製造業
7832,バンダイナムコホールディングス,東証一部,その他製造業
7833,アイフィスジャパン,東証一部,その他製造業
7838,共立印刷,東証一部,その他製造業
7839,ＳＨＯＥＩ,東証一部,その他製造業
7840,フランスベッドホールディングス,東証一部,その他製造業
7844,マーベラス,東証一部,サービス業
7846,パイロットコーポレーション,東証一部,その他製造業
7856,萩原工業,東証一部,その他製造業
7860,エイベックス・グループ・ホールディングス,東証一部,サービス業
7862,トッパン・フォームズ,東証一部,その他製造業
7864,フジシールインターナショナル,東証一部,その他製造業
7867,タカラトミー,東証一部,その他製造業
7868,廣済堂,東証一部,その他製造業
7872,Ａｓ- ｍｅエステール,東証一部,その他製造業
7873,アーク,東証一部,その他製造業
7874,レック,東証一部,化学工業
7885,タカノ,東証一部,その他製造業
7893,プロネクサス,東証一部,その他製造業
7897,ホクシン,東証一部,その他製造業
7898,ウッドワン,東証一部,その他製造業
7905,大建工業,東証一部,その他製造業
7908,ＫＩＭＯＴＯ,東証一部,化学工業
7911,凸版印刷,東証一部,その他製造業
7912,大日本印刷,東証一部,その他製造業
7913,図書印刷,東証一部,その他製造業
7914,共同印刷,東証一部,その他製造業
7915,日本写真印刷,東証一部,その他製造業
7916,光村印刷,東証一部,その他製造業
7917,藤森工業,東証一部,化学工業
7918,ヴィア・ホールディングス,東証一部,サービス業
7921,宝印刷,東証一部,その他製造業
7925,前澤化成工業,東証一部,化学工業
7936,アシックス,東証一部,その他製造業
7937,ツツミ,東証一部,その他製造業
7942,ＪＳＰ,東証一部,化学工業
7943,ニチハ,東証一部,窯業
7947,エフピコ,東証一部,その他製造業
7949,小松ウオール工業,東証一部,非鉄金属及び金属製品
7951,ヤマハ,東証一部,その他製造業
7952,河合楽器製作所,東証一部,その他製造業
7955,クリナップ,東証一部,その他製造業
7956,ピジョン,東証一部,その他製造業
7958,天馬,東証一部,化学工業
7961,兼松サステック,東証一部,その他製造業
7962,キングジム,東証一部,その他製造業
7966,リンテック,東証一部,その他製造業
7970,信越ポリマー,東証一部,その他製造業
7971,東リ,東証一部,化学工業
7972,イトーキ,東証一部,その他製造業
7974,任天堂,東証一部,サービス業
7976,三菱鉛筆,東証一部,その他製造業
7979,松風,東証一部,その他製造業
7981,タカラスタンダード,東証一部,その他製造業
7984,コクヨ,東証一部,その他製造業
7987,ナカバヤシ,東証一部,その他製造業
7988,ニフコ,東証一部,その他製造業
7989,立川ブラインド工業,東証一部,その他製造業
7990,グローブライド,東証一部,その他製造業
7994,岡村製作所,東証一部,その他製造業
7995,日本バルカー工業,東証一部,その他製造業
7999,ＭＵＴＯＨホールディングス,東証一部,電気機器
8001,伊藤忠商事,東証一部,商社
8002,丸紅,東証一部,商社
8005,スクロール,東証一部,小売業
8007,高島,東証一部,商社
8008,ヨンドシーホールディングス,東証一部,小売業
8011,三陽商会,東証一部,商社
8012,長瀬産業,東証一部,商社
8013,ナイガイ,東証一部,商社
8014,蝶理,東証一部,商社
8015,豊田通商,東証一部,商社
8016,オンワードホールディングス,東証一部,商社
8018,三共生興,東証一部,商社
8020,兼松,東証一部,商社
8022,美津濃,東証一部,その他製造業
8025,ツカモトコーポレーション,東証一部,商社
8028,ユニー・ファミリーマートホールディングス,東証一部,小売業
8029,ルック,東証一部,商社
8031,三井物産,東証一部,商社
8032,日本紙パルプ商事,東証一部,商社
8035,東京エレクトロン,東証一部,電気機器
8036,日立ハイテクノロジーズ,東証一部,商社
8037,カメイ,東証一部,商社
8038,東都水産,東証一部,商社
8041,ＯＵＧホールディングス,東証一部,商社
8043,スターゼン,東証一部,商社
8050,セイコーホールディングス,東証一部,精密機器
8051,山善,東証一部,商社
8052,椿本興業,東証一部,商社
8053,住友商事,東証一部,商社
8056,日本ユニシス,東証一部,サービス業
8057,内田洋行,東証一部,商社
8058,三菱商事,東証一部,商社
8059,第一実業,東証一部,商社
8060,キヤノンマーケティングジャパン,東証一部,商社
8061,西華産業,東証一部,商社
8065,佐藤商事,東証一部,商社
8068,菱洋エレクトロ,東証一部,商社
8070,東京産業,東証一部,商社
8074,ユアサ商事,東証一部,商社
8075,神鋼商事,東証一部,商社
8077,小林産業,東証一部,商社
8078,阪和興業,東証一部,商社
8079,正栄食品工業,東証一部,商社
8081,カナデン,東証一部,商社
8084,菱電商事,東証一部,商社
8086,ニプロ,東証一部,精密機器
8087,フルサト工業,東証一部,商社
8088,岩谷産業,東証一部,商社
8089,すてきナイスグループ,東証一部,商社
8090,昭光通商,東証一部,商社
8091,ニチモウ,東証一部,商社
8093,極東貿易,東証一部,商社
8095,イワキ,東証一部,商社
8096,兼松エレクトロニクス,東証一部,サービス業
8097,三愛石油,東証一部,商社
8098,稲畑産業,東証一部,商社
8101,ＧＳＩクレオス,東証一部,商社
8103,明和産業,東証一部,商社
8107,キムラタン,東証一部,商社
8111,ゴールドウイン,東証一部,商社
8113,ユニ・チャーム,東証一部,商社
8114,デサント,東証一部,商社
8118,キング,東証一部,商社
8125,ワキタ,東証一部,商社
8127,ヤマトインターナショナル,東証一部,商社
8129,東邦ホールディングス,東証一部,商社
8130,サンゲツ,東証一部,商社
8131,ミツウロコグループホールディングス,東証一部,商社
8132,シナネンホールディングス,東証一部,商社
8133,伊藤忠エネクス,東証一部,商社
8136,サンリオ,東証一部,商社
8137,サンワテクノス,東証一部,商社
8140,リョーサン,東証一部,商社
8141,新光商事,東証一部,商社
8142,トーホー,東証一部,商社
8150,三信電気,東証一部,商社
8151,東陽テクニカ,東証一部,商社
8153,モスフードサービス,東証一部,サービス業
8154,加賀電子,東証一部,商社
8155,三益半導体工業,東証一部,非鉄金属及び金属製品
8158,ソーダニッカ,東証一部,商社
8159,立花エレテック,東証一部,商社
8160,木曽路,東証一部,サービス業
8163,サトレストランシステムズ,東証一部,サービス業
8165,千趣会,東証一部,小売業
8166,タカキュー,東証一部,小売業
8168,ケーヨー,東証一部,小売業
8173,上新電機,東証一部,小売業
8174,日本瓦斯,東証一部,小売業
8179,ロイヤルホールディングス,東証一部,サービス業
8181,東天紅,東証一部,サービス業
8182,いなげや,東証一部,小売業
8184,島忠,東証一部,小売業
8185,チヨダ,東証一部,小売業
8194,ライフコーポレーション,東証一部,小売業
8200,リンガーハット,東証一部,サービス業
8201,さが美,東証一部,小売業
8203,ＭｒＭａｘ,東証一部,小売業
8207,テンアライド,東証一部,サービス業
8214,ＡＯＫＩホールディングス,東証一部,小売業
8217,オークワ,東証一部,小売業
8218,コメリ,東証一部,小売業
8219,青山商事,東証一部,小売業
8227,しまむら,東証一部,小売業
8230,はせがわ,東証一部,小売業
8233,高島屋,東証一部,小売業
8237,松屋,東証一部,小売業
8242,エイチ・ツー・オー　リテイリング,東証一部,小売業
8244,近鉄百貨店,東証一部,小売業
8251,パルコ,東証一部,小売業
8252,丸井グループ,東証一部,小売業
8253,クレディセゾン,東証一部,その他金融
8255,アクシアル　リテイリング,東証一部,小売業
8260,井筒屋,東証一部,小売業
8267,イオン,東証一部,小売業
8273,イズミ,東証一部,小売業
8274,東武ストア,東証一部,小売業
8275,フォーバル,東証一部,商社
8276,平和堂,東証一部,小売業
8278,フジ,東証一部,小売業
8279,ヤオコー,東証一部,小売業
8281,ゼビオホールディングス,東証一部,小売業
8282,ケーズホールディングス,東証一部,小売業
8283,ＰＡＬＴＡＣ,東証一部,商社
8285,三谷産業,東証一部,商社
8289,Ｏｌｙｍｐｉｃグループ,東証一部,小売業
8291,日産東京販売ホールディングス,東証一部,商社
8303,新生銀行,東証一部,銀行
8304,あおぞら銀行,東証一部,銀行
8306,三菱ＵＦＪフィナンシャル・グループ,東証一部,銀行
8308,りそなホールディングス,東証一部,銀行
8309,三井住友トラスト・ホールディングス,東証一部,銀行
8316,三井住友フィナンシャルグループ,東証一部,銀行
8324,第四銀行,東証一部,銀行
8325,北越銀行,東証一部,銀行
8331,千葉銀行,東証一部,銀行
8334,群馬銀行,東証一部,銀行
8336,武蔵野銀行,東証一部,銀行
8337,千葉興業銀行,東証一部,銀行
8338,筑波銀行,東証一部,銀行
8341,七十七銀行,東証一部,銀行
8342,青森銀行,東証一部,銀行
8343,秋田銀行,東証一部,銀行
8344,山形銀行,東証一部,銀行
8345,岩手銀行,東証一部,銀行
8346,東邦銀行,東証一部,銀行
8349,東北銀行,東証一部,銀行
8350,みちのく銀行,東証一部,銀行
8354,ふくおかフィナンシャルグループ,東証一部,銀行
8355,静岡銀行,東証一部,銀行
8356,十六銀行,東証一部,銀行
8358,スルガ銀行,東証一部,銀行
8359,八十二銀行,東証一部,銀行
8360,山梨中央銀行,東証一部,銀行
8361,大垣共立銀行,東証一部,銀行
8362,福井銀行,東証一部,銀行
8363,北國銀行,東証一部,銀行
8364,清水銀行,東証一部,銀行
8365,富山銀行,東証一部,銀行
8366,滋賀銀行,東証一部,銀行
8367,南都銀行,東証一部,銀行
8368,百五銀行,東証一部,銀行
8369,京都銀行,東証一部,銀行
8370,紀陽銀行,東証一部,銀行
8374,三重銀行,東証一部,銀行
8377,ほくほくフィナンシャルグループ,東証一部,銀行
8379,広島銀行,東証一部,銀行
8381,山陰合同銀行,東証一部,銀行
8382,中国銀行,東証一部,銀行
8383,鳥取銀行,東証一部,銀行
8385,伊予銀行,東証一部,銀行
8386,百十四銀行,東証一部,銀行
8387,四国銀行,東証一部,銀行
8388,阿波銀行,東証一部,銀行
8392,大分銀行,東証一部,銀行
8393,宮崎銀行,東証一部,銀行
8395,佐賀銀行,東証一部,銀行
8396,十八銀行,東証一部,銀行
8397,沖縄銀行,東証一部,銀行
8399,琉球銀行,東証一部,銀行
8410,セブン銀行,東証一部,銀行
8411,みずほフィナンシャルグループ,東証一部,銀行
8416,高知銀行,東証一部,銀行
8418,山口フィナンシャルグループ,東証一部,銀行
8421,信金中央金庫,東証一部,その他金融
8423,アクリーティブ,東証一部,その他金融
8424,芙蓉総合リース,東証一部,その他金融
8425,興銀リース,東証一部,その他金融
8439,東京センチュリー,東証一部,その他金融
8473,ＳＢＩホールディングス,東証一部,その他金融
8511,日本証券金融,東証一部,その他金融
8515,アイフル,東証一部,その他金融
8518,日本アジア投資,東証一部,その他金融
8519,ポケットカード,東証一部,その他金融
8521,長野銀行,東証一部,銀行
8522,名古屋銀行,東証一部,銀行
8524,北洋銀行,東証一部,銀行
8527,愛知銀行,東証一部,銀行
8529,第三銀行,東証一部,銀行
8530,中京銀行,東証一部,銀行
8537,大光銀行,東証一部,銀行
8541,愛媛銀行,東証一部,銀行
8542,トマト銀行,東証一部,銀行
8543,みなと銀行,東証一部,銀行
8544,京葉銀行,東証一部,銀行
8545,関西アーバン銀行,東証一部,銀行
8550,栃木銀行,東証一部,銀行
8551,北日本銀行,東証一部,銀行
8558,東和銀行,東証一部,銀行
8562,福島銀行,東証一部,銀行
8563,大東銀行,東証一部,銀行
8566,リコーリース,東証一部,その他金融
8570,イオンフィナンシャルサービス,東証一部,その他金融
8572,アコム,東証一部,その他金融
8584,ジャックス,東証一部,その他金融
8585,オリエントコーポレーション,東証一部,その他金融
8586,日立キャピタル,東証一部,その他金融
8589,アプラスフィナンシャル,東証一部,その他金融
8591,オリックス,東証一部,その他金融
8593,三菱ＵＦＪリース,東証一部,その他金融
8595,ジャフコ,東証一部,その他金融
8600,トモニホールディングス,東証一部,銀行
8601,大和証券グループ本社,東証一部,証券
8604,野村ホールディングス,東証一部,証券
8609,岡三証券グループ,東証一部,証券
8613,丸三証券,東証一部,証券
8614,東洋証券,東証一部,証券
8616,東海東京フィナンシャル・ホールディングス,東証一部,証券
8617,光世証券,東証一部,証券
8622,水戸証券,東証一部,証券
8624,いちよし証券,東証一部,証券
8628,松井証券,東証一部,証券
8630,ＳＯＭＰＯホールディングス,東証一部,保険
8692,だいこう証券ビジネス,東証一部,その他金融
8697,日本取引所グループ,東証一部,その他金融
8698,マネックスグループ,東証一部,証券
8703,カブドットコム証券,東証一部,証券
8706,極東証券,東証一部,証券
8707,岩井コスモホールディングス,東証一部,証券
8708,藍澤證券,東証一部,証券
8713,フィデアホールディングス,東証一部,銀行
8714,池田泉州ホールディングス,東証一部,銀行
8715,アニコム　ホールディングス,東証一部,保険
8725,ＭＳ＆ＡＤインシュアランスグループホール,東証一部,保険
8729,ソニーフィナンシャルホールディングス,東証一部,保険
8732,マネーパートナーズグループ,東証一部,その他金融
8742,小林洋行,東証一部,その他金融
8750,第一生命ホールディングス,東証一部,保険
8766,東京海上ホールディングス,東証一部,保険
8771,イー・ギャランティ,東証一部,その他金融
8772,アサックス,東証一部,その他金融
8793,ＮＥＣキャピタルソリューション,東証一部,その他金融
8795,Ｔ＆Ｄホールディングス,東証一部,保険
8798,アドバンスクリエイト,東証一部,サービス業
8801,三井不動産,東証一部,不動産
8802,三菱地所,東証一部,不動産
8803,平和不動産,東証一部,不動産
8804,東京建物,東証一部,不動産
8806,ダイビル,東証一部,不動産
8818,京阪神ビルディング,東証一部,不動産
8830,住友不動産,東証一部,不動産
8835,太平洋興発,東証一部,商社
8840,大京,東証一部,不動産
8841,テーオーシー,東証一部,不動産
8842,東京楽天地,東証一部,不動産
8848,レオパレス２１,東証一部,不動産
8850,スターツコーポレーション,東証一部,不動産
8860,フジ住宅,東証一部,不動産
8864,空港施設,東証一部,不動産
8869,明和地所,東証一部,不動産
8871,ゴールドクレスト,東証一部,不動産
8876,リログループ,東証一部,サービス業
8877,日本エスリード,東証一部,不動産
8881,日神不動産,東証一部,不動産
8892,日本エスコン,東証一部,不動産
8897,タカラレーベン,東証一部,不動産
8904,サンヨーハウジング名古屋,東証一部,不動産
8905,イオンモール,東証一部,不動産
8917,ファースト住建,東証一部,不動産
8918,ランド,東証一部,不動産
8920,東祥,東証一部,サービス業
8923,トーセイ,東証一部,不動産
8928,穴吹興産,東証一部,不動産
8933,エヌ・ティ・ティ都市開発,東証一部,不動産
8934,サンフロンティア不動産,東証一部,不動産
8935,エフ・ジェー・ネクスト,東証一部,不動産
8940,インテリックス,東証一部,不動産
8944,ランドビジネス,東証一部,不動産
8951,日本ビルファンド投資法人　投資証券,東証一部,その他金融
8952,ジャパンリアルエステイト投資法人　投資証,東証一部,その他金融
8953,日本リテールファンド投資法人　投資証券,東証一部,その他金融
8954,オリックス不動産投資法人　投資証券,東証一部,その他金融
8955,日本プライムリアルティ投資法人　投資証券,東証一部,その他金融
8956,プレミア投資法人　投資証券,東証一部,その他金融
8957,東急リアル・エステート投資法人　投資証券,東証一部,その他金融
8958,グローバル・ワン不動産投資法人　投資証券,東証一部,その他金融
8960,ユナイテッド・アーバン投資法人　投資証券,東証一部,その他金融
8961,森トラスト総合リート投資法人　投資証券,東証一部,その他金融
8963,インヴィンシブル投資法人　投資証券,東証一部,その他金融
8964,フロンティア不動産投資法人　投資証券,東証一部,その他金融
8966,平和不動産リート投資法人　投資証券,東証一部,その他金融
8967,日本ロジスティクスファンド投資法人　投資,東証一部,その他金融
8968,福岡リート投資法人　投資証券,東証一部,その他金融
8972,ケネディクス・オフィス投資法人　投資証券,東証一部,その他金融
8973,積水ハウス・レジデンシャル投資法人　投資,東証一部,その他金融
8975,いちごオフィスリート投資法人　投資証券,東証一部,その他金融
8976,大和証券オフィス投資法人　投資証券,東証一部,その他金融
8977,阪急リート投資法人　投資証券,東証一部,その他金融
8979,スターツプロシード投資法人　投資証券,東証一部,その他金融
8984,大和ハウスリート投資法人　投資証券,東証一部,その他金融
8985,ジャパン・ホテル・リート投資法人　投資証,東証一部,その他金融
8986,日本賃貸住宅投資法人　投資証券,東証一部,その他金融
8987,ジャパンエクセレント投資法人　投資証券,東証一部,その他金融
8999,グランディハウス,東証一部,不動産
9001,東武鉄道,東証一部,鉄道・バス
9003,相鉄ホールディングス,東証一部,鉄道・バス
9005,東京急行電鉄,東証一部,鉄道・バス
9006,京浜急行電鉄,東証一部,鉄道・バス
9007,小田急電鉄,東証一部,鉄道・バス
9008,京王電鉄,東証一部,鉄道・バス
9009,京成電鉄,東証一部,鉄道・バス
9010,富士急行,東証一部,鉄道・バス
9014,新京成電鉄,東証一部,鉄道・バス
9020,東日本旅客鉄道,東証一部,鉄道・バス
9021,西日本旅客鉄道,東証一部,鉄道・バス
9022,東海旅客鉄道,東証一部,鉄道・バス
9024,西武ホールディングス,東証一部,鉄道・バス
9025,鴻池運輸,東証一部,陸運
9031,西日本鉄道,東証一部,鉄道・バス
9037,ハマキョウレックス,東証一部,陸運
9039,サカイ引越センター,東証一部,陸運
9041,近鉄グループホールディングス,東証一部,鉄道・バス
9042,阪急阪神ホールディングス,東証一部,鉄道・バス
9044,南海電気鉄道,東証一部,鉄道・バス
9045,京阪ホールディングス,東証一部,鉄道・バス
9046,神戸電鉄,東証一部,鉄道・バス
9048,名古屋鉄道,東証一部,鉄道・バス
9052,山陽電気鉄道,東証一部,鉄道・バス
9058,トランコム,東証一部,倉庫・運輸関連
9062,日本通運,東証一部,陸運
9064,ヤマトホールディングス,東証一部,陸運
9065,山九,東証一部,陸運
9066,日新,東証一部,倉庫・運輸関連
9067,丸運,東証一部,陸運
9068,丸全昭和運輸,東証一部,陸運
9069,センコーグループホールディングス,東証一部,陸運
9070,トナミホールディングス,東証一部,陸運
9072,ニッコンホールディングス,東証一部,陸運
9074,日本石油輸送,東証一部,陸運
9075,福山通運,東証一部,陸運
9076,セイノーホールディングス,東証一部,陸運
9081,神奈川中央交通,東証一部,鉄道・バス
9086,日立物流,東証一部,陸運
9090,丸和運輸機関,東証一部,陸運
9099,Ｃ＆Ｆロジホールディングス,東証一部,陸運
9101,日本郵船,東証一部,海運
9104,商船三井,東証一部,海運
9107,川崎汽船,東証一部,海運
9110,ＮＳユナイテッド海運,東証一部,海運
9115,明治海運,東証一部,海運
9119,飯野海運,東証一部,海運
9130,共栄タンカー,東証一部,海運
9142,九州旅客鉄道,東証一部,鉄道・バス
9201,日本航空,東証一部,空運
9202,ＡＮＡホールディングス,東証一部,空運
9232,パスコ,東証一部,空運
9281,タカラレーベン・インフラ投資法人　投資証,東証一部,その他金融
9282,いちごグリーンインフラ投資法人　投資証券,東証一部,その他金融
9283,日本再生可能エネルギーインフラ投資法人,東証一部,その他金融
9301,三菱倉庫,東証一部,倉庫・運輸関連
9302,三井倉庫ホールディングス,東証一部,倉庫・運輸関連
9303,住友倉庫,東証一部,倉庫・運輸関連
9304,澁澤倉庫,東証一部,倉庫・運輸関連
9305,ヤマタネ,東証一部,商社
9306,東陽倉庫,東証一部,倉庫・運輸関連
9308,乾汽船,東証一部,海運
9310,日本トランスシティ,東証一部,倉庫・運輸関連
9312,ケイヒン,東証一部,倉庫・運輸関連
9319,中央倉庫,東証一部,倉庫・運輸関連
9322,川西倉庫,東証一部,倉庫・運輸関連
9324,安田倉庫,東証一部,倉庫・運輸関連
9351,東洋埠頭,東証一部,倉庫・運輸関連
9358,宇徳,東証一部,倉庫・運輸関連
9364,上組,東証一部,倉庫・運輸関連
9366,サンリツ,東証一部,倉庫・運輸関連
9368,キムラユニティー,東証一部,陸運
9369,キユーソー流通システム,東証一部,倉庫・運輸関連
9370,郵船ロジスティクス,東証一部,倉庫・運輸関連
9375,近鉄エクスプレス,東証一部,倉庫・運輸関連
9380,東海運,東証一部,倉庫・運輸関連
9381,エーアイテイー,東証一部,倉庫・運輸関連
9384,内外トランスライン,東証一部,倉庫・運輸関連
9386,日本コンセプト,東証一部,倉庫・運輸関連
9401,東京放送ホールディングス,東証一部,通信
9404,日本テレビホールディングス,東証一部,通信
9405,朝日放送,東証一部,通信
9409,テレビ朝日ホールディングス,東証一部,通信
9412,スカパーＪＳＡＴホールディングス,東証一部,通信
9413,テレビ東京ホールディングス,東証一部,通信
9414,日本ＢＳ放送,東証一部,通信
9416,ビジョン,東証一部,通信
9418,Ｕ- ＮＥＸＴ,東証一部,サービス業
9419,ワイヤレスゲート,東証一部,通信
9422,コネクシオ,東証一部,サービス業
9424,日本通信,東証一部,通信
9428,クロップス,東証一部,通信
9432,日本電信電話,東証一部,通信
9433,ＫＤＤＩ,東証一部,通信
9435,光通信,東証一部,通信
9437,ＮＴＴドコモ,東証一部,通信
9438,エムティーアイ,東証一部,通信
9449,ＧＭＯインターネット,東証一部,通信
9466,アイドママーケティングコミュニケーション,東証一部,サービス業
9468,カドカワ,東証一部,サービス業
9470,学研ホールディングス,東証一部,サービス業
9474,ゼンリン,東証一部,サービス業
9475,昭文社,東証一部,その他製造業
9479,インプレスホールディングス,東証一部,サービス業
9501,東京電力ホールディングス,東証一部,電力
9502,中部電力,東証一部,電力
9503,関西電力,東証一部,電力
9504,中国電力,東証一部,電力
9505,北陸電力,東証一部,電力
9506,東北電力,東証一部,電力
9507,四国電力,東証一部,電力
9508,九州電力,東証一部,電力
9509,北海道電力,東証一部,電力
9511,沖縄電力,東証一部,電力
9513,電源開発,東証一部,電力
9514,エフオン,東証一部,サービス業
9517,イーレックス,東証一部,電力
9531,東京瓦斯,東証一部,ガス
9532,大阪瓦斯,東証一部,ガス
9533,東邦瓦斯,東証一部,ガス
9534,北海道瓦斯,東証一部,ガス
9535,広島ガス,東証一部,ガス
9536,西部瓦斯,東証一部,ガス
9543,静岡ガス,東証一部,ガス
9551,メタウォーター,東証一部,サービス業
9600,アイネット,東証一部,サービス業
9601,松竹,東証一部,サービス業
9602,東宝,東証一部,サービス業
9603,エイチ・アイ・エス,東証一部,サービス業
9605,東映,東証一部,サービス業
9612,ラックランド,東証一部,サービス業
9613,エヌ・ティ・ティ・データ,東証一部,通信
9616,共立メンテナンス,東証一部,サービス業
9619,イチネンホールディングス,東証一部,サービス業
9621,建設技術研究所,東証一部,サービス業
9622,スペース,東証一部,サービス業
9627,アインホールディングス,東証一部,小売業
9628,燦ホールディングス,東証一部,サービス業
9629,ピー・シー・エー,東証一部,サービス業
9632,スバル興業,東証一部,サービス業
9633,東京テアトル,東証一部,サービス業
9644,タナベ経営,東証一部,サービス業
9658,ビジネスブレイン太田昭和,東証一部,サービス業
9663,ナガワ,東証一部,サービス業
9671,よみうりランド,東証一部,サービス業
9672,東京都競馬,東証一部,サービス業
9675,常磐興産,東証一部,サービス業
9678,カナモト,東証一部,サービス業
9681,東京ドーム,東証一部,サービス業
9682,ＤＴＳ,東証一部,サービス業
9684,スクウェア・エニックス・ホールディングス,東証一部,サービス業
9692,シーイーシー,東証一部,サービス業
9697,カプコン,東証一部,サービス業
9699,西尾レントオール,東証一部,サービス業
9702,アイ・エス・ビー,東証一部,サービス業
9704,アゴーラ・ホスピタリティー・グループ,東証一部,サービス業
9706,日本空港ビルデング,東証一部,不動産
9715,トランス・コスモス,東証一部,サービス業
9716,乃村工藝社,東証一部,サービス業
9717,ジャステック,東証一部,サービス業
9719,ＳＣＳＫ,東証一部,サービス業
9722,藤田観光,東証一部,サービス業
9726,ＫＮＴ- ＣＴホールディングス,東証一部,サービス業
9728,日本管財,東証一部,サービス業
9729,トーカイ,東証一部,サービス業
9731,白洋舎,東証一部,サービス業
9735,セコム,東証一部,サービス業
9739,日本システムウエア,東証一部,サービス業
9740,セントラル警備保障,東証一部,サービス業
9742,アイネス,東証一部,サービス業
9743,丹青社,東証一部,サービス業
9744,メイテック,東証一部,サービス業
9746,ＴＫＣ,東証一部,サービス業
9747,アサツー　ディ・ケイ,東証一部,サービス業
9749,富士ソフト,東証一部,サービス業
9755,応用地質,東証一部,サービス業
9757,船井総研ホールディングス,東証一部,サービス業
9759,ＮＳＤ,東証一部,サービス業
9760,進学会,東証一部,サービス業
9763,丸紅建材リース,東証一部,サービス業
9765,オオバ,東証一部,サービス業
9766,コナミホールディングス,東証一部,サービス業
9768,いであ,東証一部,サービス業
9769,学究社,東証一部,サービス業
9783,ベネッセホールディングス,東証一部,サービス業
9787,イオンディライト,東証一部,サービス業
9788,ナック,東証一部,サービス業
9790,福井コンピュータホールディングス,東証一部,サービス業
9792,ニチイ学館,東証一部,サービス業
9793,ダイセキ,東証一部,サービス業
9795,ステップ,東証一部,サービス業
9810,日鉄住金物産,東証一部,商社
9828,元気寿司,東証一部,サービス業
9830,トラスコ中山,東証一部,商社
9831,ヤマダ電機,東証一部,小売業
9832,オートバックスセブン,東証一部,商社
9837,モリト,東証一部,商社
9842,アークランドサカモト,東証一部,小売業
9843,ニトリホールディングス,東証一部,小売業
9850,グルメ杵屋,東証一部,サービス業
9854,愛眼,東証一部,小売業
9856,ケーユーホールディングス,東証一部,商社
9861,吉野家ホールディングス,東証一部,サービス業
9869,加藤産業,東証一部,商社
9880,イノテック,東証一部,商社
9882,イエローハット,東証一部,商社
9887,松屋フーズ,東証一部,サービス業
9889,ＪＢＣＣホールディングス,東証一部,サービス業
9896,ＪＫホールディングス,東証一部,商社
9900,サガミチェーン,東証一部,サービス業
9902,日伝,東証一部,商社
9919,関西スーパーマーケット,東証一部,小売業
9928,ミロク情報サービス,東証一部,サービス業
9930,北沢産業,東証一部,小売業
9932,杉本商事,東証一部,商社
9934,因幡電機産業,東証一部,商社
9936,王将フードサービス,東証一部,サービス業
9945,プレナス,東証一部,サービス業
9946,ミニストップ,東証一部,小売業
9948,アークス,東証一部,小売業
9956,バローホールディングス,東証一部,小売業
9957,バイテックホールディングス,東証一部,商社
9962,ミスミグループ本社,東証一部,商社
9966,藤久,東証一部,小売業
9972,アルテック,東証一部,商社
9974,ベルク,東証一部,小売業
9979,大庄,東証一部,サービス業
9982,タキヒヨー,東証一部,商社
9983,ファーストリテイリング,東証一部,小売業
9984,ソフトバンクグループ,東証一部,通信
9986,蔵王産業,東証一部,商社
9987,スズケン,東証一部,商社
9989,サンドラッグ,東証一部,小売業
9990,サックスバー　ホールディングス,東証一部,小売業
9991,ジェコス,東証一部,サービス業
9993,ヤマザワ,東証一部,小売業
9994,やまや,東証一部,小売業
9995,ルネサスイーストン,東証一部,商社
9997,ベルーナ,東証一部,小売業
